t,n,i,j_left,x_grid(j_left),position,velocity,E_i
0,0,0,8,-1.5708,-1.5708,0.25,0
0,0,1,24,1.5708,1.5708,-0.25,0
0.111367,1,0,8,-1.5708,-1.54295,0.25,-0.0017401
0.111367,1,1,23,1.37445,1.54295,-0.25,0.0017401
0.222733,2,0,8,-1.5708,-1.51513,0.249806,-0.00347886
0.222733,2,1,23,1.37445,1.51513,-0.249806,0.00347886
0.3341,3,0,8,-1.5708,-1.48736,0.249419,-0.00521491
0.3341,3,1,23,1.37445,1.48736,-0.249419,0.00521491
0.445466,4,0,8,-1.5708,-1.45965,0.248838,-0.00694693
0.445466,4,1,23,1.37445,1.45965,-0.248838,0.00694693
0.556833,5,0,8,-1.5708,-1.43202,0.248064,-0.00867356
0.556833,5,1,23,1.37445,1.43202,-0.248064,0.00867356
0.668199,6,0,8,-1.5708,-1.4045,0.247098,-0.0103935
0.668199,6,1,23,1.37445,1.4045,-0.247098,0.0103935
0.779566,7,0,8,-1.5708,-1.37711,0.245941,-0.0121053
0.779566,7,1,23,1.37445,1.37711,-0.245941,0.0121053
0.890932,8,0,9,-1.37445,-1.34987,0.244593,-0.0138078
0.890932,8,1,22,1.1781,1.34987,-0.244593,0.0138078
1.0023,9,0,9,-1.37445,-1.3228,0.243055,-0.0154995
1.0023,9,1,22,1.1781,1.3228,-0.243055,0.0154995
1.11367,10,0,9,-1.37445,-1.29593,0.241329,-0.0171793
1.11367,10,1,22,1.1781,1.29593,-0.241329,0.0171793
1.22503,11,0,9,-1.37445,-1.26926,0.239416,-0.0188457
1.22503,11,1,22,1.1781,1.26926,-0.239416,0.0188457
1.3364,12,0,9,-1.37445,-1.24284,0.237317,-0.0204975
1.3364,12,1,22,1.1781,1.24284,-0.237317,0.0204975
1.44777,13,0,9,-1.37445,-1.21666,0.235034,-0.0221335
1.44777,13,1,22,1.1781,1.21666,-0.235034,0.0221335
1.55913,14,0,9,-1.37445,-1.19076,0.232569,-0.0237523
1.55913,14,1,22,1.1781,1.19076,-0.232569,0.0237523
1.6705,15,0,10,-1.1781,-1.16515,0.229924,-0.0253526
1.6705,15,1,21,0.981748,1.16515,-0.229924,0.0253526
1.78186,16,0,10,-1.1781,-1.13986,0.227101,-0.0269333
1.78186,16,1,21,0.981748,1.13986,-0.227101,0.0269333
1.89323,17,0,10,-1.1781,-1.11491,0.224101,-0.0284932
1.89323,17,1,21,0.981748,1.11491,-0.224101,0.0284932
2.0046,18,0,10,-1.1781,-1.0903,0.220928,-0.0300309
2.0046,18,1,21,0.981748,1.0903,-0.220928,0.0300309
2.11596,19,0,10,-1.1781,-1.06607,0.217584,-0.0315454
2.11596,19,1,21,0.981748,1.06607,-0.217584,0.0315454
2.22733,20,0,10,-1.1781,-1.04223,0.21407,-0.0330354
2.22733,20,1,21,0.981748,1.04223,-0.21407,0.0330354
2.3387,21,0,10,-1.1781,-1.0188,0.210391,-0.0344998
2.3387,21,1,21,0.981748,1.0188,-0.210391,0.0344998
2.45006,22,0,10,-1.1781,-0.995796,0.206549,-0.0359375
2.45006,22,1,21,0.981748,0.995796,-0.206549,0.0359375
2.56143,23,0,11,-0.981748,-0.97324,0.202547,-0.0373473
2.56143,23,1,20,0.785398,0.97324,-0.202547,0.0373473
2.6728,24,0,11,-0.981748,-0.951146,0.198388,-0.0387282
2.6728,24,1,20,0.785398,0.951146,-0.198388,0.0387282
2.78416,25,0,11,-0.981748,-0.929532,0.194075,-0.040079
2.78416,25,1,20,0.785398,0.929532,-0.194075,0.040079
2.89553,26,0,11,-0.981748,-0.908416,0.189611,-0.0413988
2.89553,26,1,20,0.785398,0.908416,-0.189611,0.0413988
3.0069,27,0,11,-0.981748,-0.887813,0.185001,-0.0426865
3.0069,27,1,20,0.785398,0.887813,-0.185001,0.0426865
3.11826,28,0,11,-0.981748,-0.86774,0.180247,-0.043941
3.11826,28,1,20,0.785398,0.86774,-0.180247,0.043941
3.22963,29,0,11,-0.981748,-0.848211,0.175353,-0.0451616
3.22963,29,1,20,0.785398,0.848211,-0.175353,0.0451616
3.341,30,0,11,-0.981748,-0.829243,0.170324,-0.0463471
3.341,30,1,20,0.785398,0.829243,-0.170324,0.0463471
3.45236,31,0,11,-0.981748,-0.810849,0.165162,-0.0474967
3.45236,31,1,20,0.785398,0.810849,-0.165162,0.0474967
3.56373,32,0,11,-0.981748,-0.793045,0.159873,-0.0486095
3.56373,32,1,20,0.785398,0.793045,-0.159873,0.0486095
3.6751,33,0,12,-0.785398,-0.775843,0.154459,-0.0496846
3.6751,33,1,19,0.589049,0.775843,-0.154459,0.0496846
3.78646,34,0,12,-0.785398,-0.759258,0.148926,-0.0507212
3.78646,34,1,19,0.589049,0.759258,-0.148926,0.0507212
3.89783,35,0,12,-0.785398,-0.743301,0.143278,-0.0517184
3.89783,35,1,19,0.589049,0.743301,-0.143278,0.0517184
4.0092,36,0,12,-0.785398,-0.727986,0.137518,-0.0526756
4.0092,36,1,19,0.589049,0.727986,-0.137518,0.0526756
4.12056,37,0,12,-0.785398,-0.713325,0.131652,-0.053592
4.12056,37,1,19,0.589049,0.713325,-0.131652,0.053592
4.23193,38,0,12,-0.785398,-0.699328,0.125683,-0.0544668
4.23193,38,1,19,0.589049,0.699328,-0.125683,0.0544668
4.3433,39,0,12,-0.785398,-0.686006,0.119617,-0.0552994
4.3433,39,1,19,0.589049,0.686006,-0.119617,0.0552994
4.45466,40,0,12,-0.785398,-0.673371,0.113459,-0.0560891
4.45466,40,1,19,0.589049,0.673371,-0.113459,0.0560891
4.56603,41,0,12,-0.785398,-0.661431,0.107213,-0.0568353
4.56603,41,1,19,0.589049,0.661431,-0.107213,0.0568353
4.6774,42,0,12,-0.785398,-0.650196,0.100883,-0.0575375
4.6774,42,1,19,0.589049,0.650196,-0.100883,0.0575375
4.78876,43,0,12,-0.785398,-0.639675,0.0944752,-0.0581951
4.78876,43,1,19,0.589049,0.639675,-0.0944752,0.0581951
4.90013,44,0,12,-0.785398,-0.629875,0.0879942,-0.0588076
4.90013,44,1,19,0.589049,0.629875,-0.0879942,0.0588076
5.0115,45,0,12,-0.785398,-0.620805,0.081445,-0.0593745
5.0115,45,1,19,0.589049,0.620805,-0.081445,0.0593745
5.12286,46,0,12,-0.785398,-0.612471,0.0748327,-0.0598953
5.12286,46,1,19,0.589049,0.612471,-0.0748327,0.0598953
5.23423,47,0,12,-0.785398,-0.60488,0.0681624,-0.0603698
5.23423,47,1,19,0.589049,0.60488,-0.0681624,0.0603698
5.34559,48,0,12,-0.785398,-0.598038,0.0614392,-0.0607974
5.34559,48,1,19,0.589049,0.598038,-0.0614392,0.0607974
5.45696,49,0,12,-0.785398,-0.591949,0.0546684,-0.0611779
5.45696,49,1,19,0.589049,0.591949,-0.0546684,0.0611779
5.56833,50,0,13,-0.589049,-0.58662,0.0478552,-0.061511
5.56833,50,1,18,0.392699,0.58662,-0.0478552,0.061511
5.67969,51,0,13,-0.589049,-0.582053,0.0410049,-0.0617964
5.67969,51,1,18,0.392699,0.582053,-0.0410049,0.0617964
5.79106,52,0,13,-0.589049,-0.578253,0.0341229,-0.0620339
5.79106,52,1,18,0.392699,0.578253,-0.0341229,0.0620339
5.90243,53,0,13,-0.589049,-0.575222,0.0272144,-0.0622234
5.90243,53,1,18,0.392699,0.575222,-0.0272144,0.0622234
6.01379,54,0,13,-0.589049,-0.572963,0.0202848,-0.0623646
6.01379,54,1,18,0.392699,0.572963,-0.0202848,0.0623646
6.12516,55,0,13,-0.589049,-0.571478,0.0133394,-0.0624574
6.12516,55,1,18,0.392699,0.571478,-0.0133394,0.0624574
6.23653,56,0,13,-0.589049,-0.570767,0.00638377,-0.0625018
6.23653,56,1,18,0.392699,0.570767,-0.00638377,0.0625018
6.34789,57,0,13,-0.589049,-0.570831,-0.000576841,-0.0624978
6.34789,57,1,18,0.392699,0.570831,0.000576841,0.0624978
6.45926,58,0,13,-0.589049,-0.57167,-0.00753701,-0.0624454
6.45926,58,1,18,0.392699,0.57167,0.00753701,0.0624454
6.57063,59,0,13,-0.589049,-0.573284,-0.0144913,-0.0623445
6.57063,59,1,18,0.392699,0.573284,0.0144913,0.0623445
6.68199,60,0,13,-0.589049,-0.575671,-0.0214344,-0.0621953
6.68199,60,1,18,0.392699,0.575671,0.0214344,0.0621953
6.79336,61,0,13,-0.589049,-0.57883,-0.0283609,-0.0619979
6.79336,61,1,18,0.392699,0.57883,0.0283609,0.0619979
6.90473,62,0,13,-0.589049,-0.582757,-0.0352654,-0.0617524
6.90473,62,1,18,0.392699,0.582757,0.0352654,0.0617524
7.01609,63,0,13,-0.589049,-0.587451,-0.0421426,-0.0614591
7.01609,63,1,18,0.392699,0.587451,0.0421426,0.0614591
7.12746,64,0,12,-0.785398,-0.592906,-0.048987,-0.0611181
7.12746,64,1,19,0.589049,0.592906,0.048987,0.0611181
7.23883,65,0,12,-0.785398,-0.59912,-0.0557936,-0.0607298
7.23883,65,1,19,0.589049,0.59912,0.0557936,0.0607298
7.35019,66,0,12,-0.785398,-0.606086,-0.0625568,-0.0602944
7.35019,66,1,19,0.589049,0.606086,0.0625568,0.0602944
7.46156,67,0,12,-0.785398,-0.613801,-0.0692716,-0.0598122
7.46156,67,1,19,0.589049,0.613801,0.0692716,0.0598122
7.57293,68,0,12,-0.785398,-0.622257,-0.0759327,-0.0592837
7.57293,68,1,19,0.589049,0.622257,0.0759327,0.0592837
7.68429,69,0,12,-0.785398,-0.631449,-0.0825349,-0.0587092
7.68429,69,1,19,0.589049,0.631449,0.0825349,0.0587092
7.79566,70,0,12,-0.785398,-0.641369,-0.0890732,-0.0580892
7.79566,70,1,19,0.589049,0.641369,0.0890732,0.0580892
7.90703,71,0,12,-0.785398,-0.652009,-0.0955424,-0.0574242
7.90703,71,1,19,0.589049,0.652009,0.0955424,0.0574242
8.01839,72,0,12,-0.785398,-0.663361,-0.101937,-0.0567147
8.01839,72,1,19,0.589049,0.663361,0.101937,0.0567147
8.12976,73,0,12,-0.785398,-0.675417,-0.108254,-0.0559612
8.12976,73,1,19,0.589049,0.675417,0.108254,0.0559612
8.24113,74,0,12,-0.785398,-0.688167,-0.114486,-0.0551643
8.24113,74,1,19,0.589049,0.688167,0.114486,0.0551643
8.35249,75,0,12,-0.785398,-0.701601,-0.120629,-0.0543247
8.35249,75,1,19,0.589049,0.701601,0.120629,0.0543247
8.46386,76,0,12,-0.785398,-0.715709,-0.126679,-0.053443
8.46386,76,1,19,0.589049,0.715709,0.126679,0.053443
8.57523,77,0,12,-0.785398,-0.73048,-0.132631,-0.0525198
8.57523,77,1,19,0.589049,0.73048,0.132631,0.0525198
8.68659,78,0,12,-0.785398,-0.745902,-0.13848,-0.0515559
8.68659,78,1,19,0.589049,0.745902,0.13848,0.0515559
8.79796,79,0,12,-0.785398,-0.761963,-0.144222,-0.0505521
8.79796,79,1,19,0.589049,0.761963,0.144222,0.0505521
8.90932,80,0,12,-0.785398,-0.778651,-0.149851,-0.0495091
8.90932,80,1,19,0.589049,0.778651,0.149851,0.0495091
9.02069,81,0,11,-0.981748,-0.795954,-0.155365,-0.0484276
9.02069,81,1,20,0.785398,0.795954,0.155365,0.0484276
9.13206,82,0,11,-0.981748,-0.813857,-0.160758,-0.0473087
9.13206,82,1,20,0.785398,0.813857,0.160758,0.0473087
9.24342,83,0,11,-0.981748,-0.832347,-0.166027,-0.0461531
9.24342,83,1,20,0.785398,0.832347,0.166027,0.0461531
9.35479,84,0,11,-0.981748,-0.851409,-0.171167,-0.0449617
9.35479,84,1,20,0.785398,0.851409,0.171167,0.0449617
9.46616,85,0,11,-0.981748,-0.871029,-0.176174,-0.0437355
9.46616,85,1,20,0.785398,0.871029,0.176174,0.0437355
9.57752,86,0,11,-0.981748,-0.891191,-0.181045,-0.0424753
9.57752,86,1,20,0.785398,0.891191,0.181045,0.0424753
9.68889,87,0,11,-0.981748,-0.91188,-0.185775,-0.0411822
9.68889,87,1,20,0.785398,0.91188,0.185775,0.0411822
9.80026,88,0,11,-0.981748,-0.93308,-0.190361,-0.0398572
9.80026,88,1,20,0.785398,0.93308,0.190361,0.0398572
9.91162,89,0,11,-0.981748,-0.954775,-0.1948,-0.0385014
9.91162,89,1,20,0.785398,0.954775,0.1948,0.0385014
10.023,90,0,11,-0.981748,-0.976946,-0.199088,-0.0371156
10.023,90,1,20,0.785398,0.976946,0.199088,0.0371156
10.1344,91,0,10,-1.1781,-0.999578,-0.203221,-0.0357011
10.1344,91,1,21,0.981748,0.999578,0.203221,0.0357011
10.2457,92,0,10,-1.1781,-1.02265,-0.207197,-0.0342589
10.2457,92,1,21,0.981748,1.02265,0.207197,0.0342589
10.3571,93,0,10,-1.1781,-1.04615,-0.211012,-0.0327902
10.3571,93,1,21,0.981748,1.04615,0.211012,0.0327902
10.4685,94,0,10,-1.1781,-1.07006,-0.214664,-0.0312961
10.4685,94,1,21,0.981748,1.07006,0.214664,0.0312961
10.5798,95,0,10,-1.1781,-1.09435,-0.21815,-0.0297777
10.5798,95,1,21,0.981748,1.09435,0.21815,0.0297777
10.6912,96,0,10,-1.1781,-1.11902,-0.221466,-0.0282362
10.6912,96,1,21,0.981748,1.11902,0.221466,0.0282362
10.8026,97,0,10,-1.1781,-1.14403,-0.22461,-0.0266728
10.8026,97,1,21,0.981748,1.14403,0.22461,0.0266728
10.9139,98,0,10,-1.1781,-1.16938,-0.227581,-0.0250887
10.9139,98,1,21,0.981748,1.16938,0.227581,0.0250887
11.0253,99,0,9,-1.37445,-1.19503,-0.230375,-0.0234852
11.0253,99,1,22,1.1781,1.19503,0.230375,0.0234852
11.1367,100,0,9,-1.37445,-1.22098,-0.23299,-0.0218635
11.1367,100,1,22,1.1781,1.22098,0.23299,0.0218635
11.248,101,0,9,-1.37445,-1.2472,-0.235425,-0.0202249
11.248,101,1,22,1.1781,1.2472,0.235425,0.0202249
11.3594,102,0,9,-1.37445,-1.27367,-0.237678,-0.0185705
11.3594,102,1,22,1.1781,1.27367,0.237678,0.0185705
11.4708,103,0,9,-1.37445,-1.30037,-0.239746,-0.0169018
11.4708,103,1,22,1.1781,1.30037,0.239746,0.0169018
11.5821,104,0,9,-1.37445,-1.32728,-0.241628,-0.01522
11.5821,104,1,22,1.1781,1.32728,0.241628,0.01522
11.6935,105,0,9,-1.37445,-1.35437,-0.243323,-0.0135263
11.6935,105,1,22,1.1781,1.35437,0.243323,0.0135263
11.8049,106,0,8,-1.5708,-1.38164,-0.244829,-0.0118222
11.8049,106,1,23,1.37445,1.38164,0.244829,0.0118222
11.9162,107,0,8,-1.5708,-1.40905,-0.246146,-0.0101089
11.9162,107,1,23,1.37445,1.40905,0.246146,0.0101089
12.0276,108,0,8,-1.5708,-1.43659,-0.247272,-0.00838784
12.0276,108,1,23,1.37445,1.43659,0.247272,0.00838784
12.139,109,0,8,-1.5708,-1.46423,-0.248206,-0.00666022
12.139,109,1,23,1.37445,1.46423,0.248206,0.00666022
12.2503,110,0,8,-1.5708,-1.49196,-0.248948,-0.00492744
12.2503,110,1,23,1.37445,1.49196,0.248948,0.00492744
12.3617,111,0,8,-1.5708,-1.51974,-0.249496,-0.00319085
12.3617,111,1,23,1.37445,1.51974,0.249496,0.00319085
12.4731,112,0,8,-1.5708,-1.54757,-0.249852,-0.00145178
12.4731,112,1,23,1.37445,1.54757,0.249852,0.00145178
12.5844,113,0,7,-1.76715,-1.57541,-0.250013,0.00028842
12.5844,113,1,24,1.5708,1.57541,0.250013,-0.00028842
12.6958,114,0,7,-1.76715,-1.60325,-0.249981,0.00202839
12.6958,114,1,24,1.5708,1.60325,0.249981,-0.00202839
12.8072,115,0,7,-1.76715,-1.63106,-0.249755,0.00376679
12.8072,115,1,24,1.5708,1.63106,0.249755,-0.00376679
12.9185,116,0,7,-1.76715,-1.65883,-0.249336,0.00550227
12.9185,116,1,24,1.5708,1.65883,0.249336,-0.00550227
13.0299,117,0,7,-1.76715,-1.68653,-0.248723,0.00723349
13.0299,117,1,24,1.5708,1.68653,0.248723,-0.00723349
13.1413,118,0,7,-1.76715,-1.71414,-0.247918,0.00895909
13.1413,118,1,24,1.5708,1.71414,0.247918,-0.00895909
13.2526,119,0,7,-1.76715,-1.74164,-0.24692,0.0106778
13.2526,119,1,24,1.5708,1.74164,0.24692,-0.0106778
13.364,120,0,6,-1.9635,-1.76901,-0.245731,0.0123881
13.364,120,1,25,1.76715,1.76901,0.245731,-0.0123881
13.4754,121,0,6,-1.9635,-1.79622,-0.244351,0.0140889
13.4754,121,1,25,1.76715,1.79622,0.244351,-0.0140889
13.5867,122,0,6,-1.9635,-1.82326,-0.242782,0.0157788
13.5867,122,1,25,1.76715,1.82326,0.242782,-0.0157788
13.6981,123,0,6,-1.9635,-1.8501,-0.241025,0.0174564
13.6981,123,1,25,1.76715,1.8501,0.241025,-0.0174564
13.8095,124,0,6,-1.9635,-1.87672,-0.239081,0.0191205
13.8095,124,1,25,1.76715,1.87672,0.239081,-0.0191205
13.9208,125,0,6,-1.9635,-1.90311,-0.236951,0.0207698
13.9208,125,1,25,1.76715,1.90311,0.236951,-0.0207698
14.0322,126,0,6,-1.9635,-1.92924,-0.234638,0.022403
14.0322,126,1,25,1.76715,1.92924,0.234638,-0.022403
14.1436,127,0,6,-1.9635,-1.9551,-0.232143,0.0240188
14.1436,127,1,25,1.76715,1.9551,0.232143,-0.0240188
14.2549,128,0,5,-2.15984,-1.98065,-0.229468,0.025616
14.2549,128,1,26,1.9635,1.98065,0.229468,-0.025616
14.3663,129,0,5,-2.15984,-2.00589,-0.226616,0.0271933
14.3663,129,1,26,1.9635,2.00589,0.226616,-0.0271933
14.4777,130,0,5,-2.15984,-2.03079,-0.223587,0.0287496
14.4777,130,1,26,1.9635,2.03079,0.223587,-0.0287496
14.589,131,0,5,-2.15984,-2.05533,-0.220385,0.0302836
14.589,131,1,26,1.9635,2.05533,0.220385,-0.0302836
14.7004,132,0,5,-2.15984,-2.0795,-0.217013,0.0317941
14.7004,132,1,26,1.9635,2.0795,0.217013,-0.0317941
14.8118,133,0,5,-2.15984,-2.10327,-0.213472,0.0332799
14.8118,133,1,26,1.9635,2.10327,0.213472,-0.0332799
14.9231,134,0,5,-2.15984,-2.12664,-0.209766,0.03474
14.9231,134,1,26,1.9635,2.12664,0.209766,-0.03474
15.0345,135,0,5,-2.15984,-2.14957,-0.205897,0.0361731
15.0345,135,1,26,1.9635,2.14957,0.205897,-0.0361731
15.1459,136,0,4,-2.35619,-2.17205,-0.201869,0.0375782
15.1459,136,1,27,2.15984,2.17205,0.201869,-0.0375782
15.2572,137,0,4,-2.35619,-2.19406,-0.197684,0.0389541
15.2572,137,1,27,2.15984,2.19406,0.197684,-0.0389541
15.3686,138,0,4,-2.35619,-2.21559,-0.193345,0.0402999
15.3686,138,1,27,2.15984,2.21559,0.193345,-0.0402999
15.48,139,0,4,-2.35619,-2.23663,-0.188857,0.0416144
15.48,139,1,27,2.15984,2.23663,0.188857,-0.0416144
15.5913,140,0,4,-2.35619,-2.25714,-0.184223,0.0428967
15.5913,140,1,27,2.15984,2.25714,0.184223,-0.0428967
15.7027,141,0,4,-2.35619,-2.27713,-0.179446,0.0441457
15.7027,141,1,27,2.15984,2.27713,0.179446,-0.0441457
15.8141,142,0,4,-2.35619,-2.29656,-0.174529,0.0453605
15.8141,142,1,27,2.15984,2.29656,0.174529,-0.0453605
15.9254,143,0,4,-2.35619,-2.31544,-0.169478,0.0465401
15.9254,143,1,27,2.15984,2.31544,0.169478,-0.0465401
16.0368,144,0,4,-2.35619,-2.33374,-0.164295,0.0476837
16.0368,144,1,27,2.15984,2.33374,0.164295,-0.0476837
16.1482,145,0,4,-2.35619,-2.35144,-0.158984,0.0487903
16.1482,145,1,27,2.15984,2.35144,0.158984,-0.0487903
16.2595,146,0,3,-2.55254,-2.36854,-0.153551,0.0498591
16.2595,146,1,28,2.35619,2.36854,0.153551,-0.0498591
16.3709,147,0,3,-2.55254,-2.38502,-0.147998,0.0508892
16.3709,147,1,28,2.35619,2.38502,0.147998,-0.0508892
16.4823,148,0,3,-2.55254,-2.40087,-0.142331,0.0518799
16.4823,148,1,28,2.35619,2.40087,0.142331,-0.0518799
16.5936,149,0,3,-2.55254,-2.41608,-0.136553,0.0528303
16.5936,149,1,28,2.35619,2.41608,0.136553,-0.0528303
16.705,150,0,3,-2.55254,-2.43063,-0.130669,0.0537398
16.705,150,1,28,2.35619,2.43063,0.130669,-0.0537398
16.8164,151,0,3,-2.55254,-2.44452,-0.124685,0.0546077
16.8164,151,1,28,2.35619,2.44452,0.124685,-0.0546077
16.9277,152,0,3,-2.55254,-2.45773,-0.118603,0.0554332
16.9277,152,1,28,2.35619,2.45773,0.118603,-0.0554332
17.0391,153,0,3,-2.55254,-2.47025,-0.11243,0.0562158
17.0391,153,1,28,2.35619,2.47025,0.11243,-0.0562158
17.1505,154,0,3,-2.55254,-2.48207,-0.106169,0.0569548
17.1505,154,1,28,2.35619,2.48207,0.106169,-0.0569548
17.2618,155,0,3,-2.55254,-2.49319,-0.0998263,0.0576496
17.2618,155,1,28,2.35619,2.49319,0.0998263,-0.0576496
17.3732,156,0,3,-2.55254,-2.50359,-0.0934061,0.0582997
17.3732,156,1,28,2.35619,2.50359,0.0934061,-0.0582997
17.4845,157,0,3,-2.55254,-2.51327,-0.0869134,0.0589047
17.4845,157,1,28,2.35619,2.51327,0.0869134,-0.0589047
17.5959,158,0,3,-2.55254,-2.52222,-0.0803534,0.059464
17.5959,158,1,28,2.35619,2.52222,0.0803534,-0.059464
17.7073,159,0,3,-2.55254,-2.53043,-0.0737311,0.0599772
17.7073,159,1,28,2.35619,2.53043,0.0737311,-0.0599772
17.8186,160,0,3,-2.55254,-2.5379,-0.0670516,0.0604439
17.8186,160,1,28,2.35619,2.5379,0.0670516,-0.0604439
17.93,161,0,3,-2.55254,-2.54462,-0.0603202,0.0608637
17.93,161,1,28,2.35619,2.54462,0.0603202,-0.0608637
18.0414,162,0,3,-2.55254,-2.55058,-0.053542,0.0612364
18.0414,162,1,28,2.35619,2.55058,0.053542,-0.0612364
18.1527,163,0,2,-2.74889,-2.55578,-0.0467223,0.0615616
18.1527,163,1,29,2.55254,2.55578,0.0467223,-0.0615616
18.2641,164,0,2,-2.74889,-2.56022,-0.0398664,0.0618391
18.2641,164,1,29,2.55254,2.56022,0.0398664,-0.0618391
18.3755,165,0,2,-2.74889,-2.5639,-0.0329796,0.0620687
18.3755,165,1,29,2.55254,2.5639,0.0329796,-0.0620687
18.4868,166,0,2,-2.74889,-2.5668,-0.0260673,0.0622501
18.4868,166,1,29,2.55254,2.5668,0.0260673,-0.0622501
18.5982,167,0,2,-2.74889,-2.56893,-0.0191347,0.0623833
18.5982,167,1,29,2.55254,2.56893,0.0191347,-0.0623833
18.7096,168,0,2,-2.74889,-2.57029,-0.0121873,0.0624681
18.7096,168,1,29,2.55254,2.57029,0.0121873,-0.0624681
18.8209,169,0,2,-2.74889,-2.57087,-0.0052304,0.0625045
18.8209,169,1,29,2.55254,2.57087,0.0052304,-0.0625045
18.9323,170,0,2,-2.74889,-2.57068,0.00173051,0.0624925
18.9323,170,1,29,2.55254,2.57068,-0.00173051,-0.0624925
19.0437,171,0,2,-2.74889,-2.56971,0.00869008,0.062432
19.0437,171,1,29,2.55254,2.56971,-0.00869008,-0.062432
19.155,172,0,2,-2.74889,-2.56797,0.0156429,0.0623231
19.155,172,1,29,2.55254,2.56797,-0.0156429,-0.0623231
19.2664,173,0,2,-2.74889,-2.56545,0.0225836,0.0621659
19.2664,173,1,29,2.55254,2.56545,-0.0225836,-0.0621659
19.3778,174,0,2,-2.74889,-2.56216,0.0295068,0.0619605
19.3778,174,1,29,2.55254,2.56216,-0.0295068,-0.0619605
19.4891,175,0,2,-2.74889,-2.55811,0.0364072,0.0617071
19.4891,175,1,29,2.55254,2.55811,-0.0364072,-0.0617071
19.6005,176,0,2,-2.74889,-2.55329,0.0432793,0.0614059
19.6005,176,1,29,2.55254,2.55329,-0.0432793,-0.0614059
19.7119,177,0,3,-2.55254,-2.54771,0.0501178,0.0610571
19.7119,177,1,28,2.35619,2.54771,-0.0501178,-0.0610571
19.8232,178,0,3,-2.55254,-2.54137,0.0569176,0.0606609
19.8232,178,1,28,2.35619,2.54137,-0.0569176,-0.0606609
19.9346,179,0,3,-2.55254,-2.53428,0.0636731,0.0602177
19.9346,179,1,28,2.35619,2.53428,-0.0636731,-0.0602177
20.046,180,0,3,-2.55254,-2.52644,0.0703794,0.0597278
20.046,180,1,28,2.35619,2.52644,-0.0703794,-0.0597278
20.1573,181,0,3,-2.55254,-2.51786,0.0770311,0.0591917
20.1573,181,1,28,2.35619,2.51786,-0.0770311,-0.0591917
20.2687,182,0,3,-2.55254,-2.50855,0.083623,0.0586096
20.2687,182,1,28,2.35619,2.50855,-0.083623,-0.0586096
20.3801,183,0,3,-2.55254,-2.49851,0.0901502,0.0579821
20.3801,183,1,28,2.35619,2.49851,-0.0901502,-0.0579821
20.4914,184,0,3,-2.55254,-2.48775,0.0966075,0.0573097
20.4914,184,1,28,2.35619,2.48775,-0.0966075,-0.0573097
20.6028,185,0,3,-2.55254,-2.47628,0.10299,0.0565928
20.6028,185,1,28,2.35619,2.47628,-0.10299,-0.0565928
20.7142,186,0,3,-2.55254,-2.46411,0.109292,0.0558321
20.7142,186,1,28,2.35619,2.46411,-0.109292,-0.0558321
20.8255,187,0,3,-2.55254,-2.45125,0.11551,0.0550281
20.8255,187,1,28,2.35619,2.45125,-0.11551,-0.0550281
20.9369,188,0,3,-2.55254,-2.4377,0.121639,0.0541815
20.9369,188,1,28,2.35619,2.4377,-0.121639,-0.0541815
21.0483,189,0,3,-2.55254,-2.42348,0.127673,0.0532928
21.0483,189,1,28,2.35619,2.42348,-0.127673,-0.0532928
21.1596,190,0,3,-2.55254,-2.4086,0.133608,0.0523629
21.1596,190,1,28,2.35619,2.4086,-0.133608,-0.0523629
21.271,191,0,3,-2.55254,-2.39307,0.139439,0.0513923
21.271,191,1,28,2.35619,2.39307,-0.139439,-0.0513923
21.3824,192,0,3,-2.55254,-2.37691,0.145162,0.0503819
21.3824,192,1,28,2.35619,2.37691,-0.145162,-0.0503819
21.4937,193,0,3,-2.55254,-2.36012,0.150773,0.0493325
21.4937,193,1,28,2.35619,2.36012,-0.150773,-0.0493325
21.6051,194,0,4,-2.35619,-2.34271,0.156267,0.0482448
21.6051,194,1,27,2.15984,2.34271,-0.156267,-0.0482448
21.7165,195,0,4,-2.35619,-2.32471,0.16164,0.0471197
21.7165,195,1,27,2.15984,2.32471,-0.16164,-0.0471197
21.8278,196,0,4,-2.35619,-2.30613,0.166888,0.0459581
21.8278,196,1,27,2.15984,2.30613,-0.166888,-0.0459581
21.9392,197,0,4,-2.35619,-2.28697,0.172006,0.0447609
21.9392,197,1,27,2.15984,2.28697,-0.172006,-0.0447609
22.0506,198,0,4,-2.35619,-2.26726,0.176991,0.0435289
22.0506,198,1,27,2.15984,2.26726,-0.176991,-0.0435289
22.1619,199,0,4,-2.35619,-2.24701,0.181838,0.0422633
22.1619,199,1,27,2.15984,2.24701,-0.181838,-0.0422633
22.2733,200,0,4,-2.35619,-2.22623,0.186545,0.0409648
22.2733,200,1,27,2.15984,2.22623,-0.186545,-0.0409648
22.3847,201,0,4,-2.35619,-2.20495,0.191107,0.0396346
22.3847,201,1,27,2.15984,2.20495,-0.191107,-0.0396346
22.496,202,0,4,-2.35619,-2.18318,0.195521,0.0382737
22.496,202,1,27,2.15984,2.18318,-0.195521,-0.0382737
22.6074,203,0,4,-2.35619,-2.16093,0.199784,0.0368832
22.6074,203,1,27,2.15984,2.16093,-0.199784,-0.0368832
22.7188,204,0,5,-2.15984,-2.13822,0.203891,0.035464
22.7188,204,1,26,1.9635,2.13822,-0.203891,-0.035464
22.8301,205,0,5,-2.15984,-2.11507,0.207841,0.0340173
22.8301,205,1,26,1.9635,2.11507,-0.207841,-0.0340173
22.9415,206,0,5,-2.15984,-2.09151,0.211629,0.0325443
22.9415,206,1,26,1.9635,2.09151,-0.211629,-0.0325443
23.0529,207,0,5,-2.15984,-2.06753,0.215253,0.0310461
23.0529,207,1,26,1.9635,2.06753,-0.215253,-0.0310461
23.1642,208,0,5,-2.15984,-2.04318,0.218711,0.0295237
23.1642,208,1,26,1.9635,2.04318,-0.218711,-0.0295237
23.2756,209,0,5,-2.15984,-2.01845,0.221999,0.0279785
23.2756,209,1,26,1.9635,2.01845,-0.221999,-0.0279785
23.387,210,0,5,-2.15984,-1.99338,0.225115,0.0264117
23.387,210,1,26,1.9635,1.99338,-0.225115,-0.0264117
23.4983,211,0,5,-2.15984,-1.96798,0.228056,0.0248243
23.4983,211,1,26,1.9635,1.96798,-0.228056,-0.0248243
23.6097,212,0,6,-1.9635,-1.94228,0.230821,0.0232177
23.6097,212,1,25,1.76715,1.94228,-0.230821,-0.0232177
23.7211,213,0,6,-1.9635,-1.91629,0.233406,0.0215931
23.7211,213,1,25,1.76715,1.91629,-0.233406,-0.0215931
23.8324,214,0,6,-1.9635,-1.89002,0.235811,0.0199517
23.8324,214,1,25,1.76715,1.89002,-0.235811,-0.0199517
23.9438,215,0,6,-1.9635,-1.86352,0.238033,0.0182949
23.9438,215,1,25,1.76715,1.86352,-0.238033,-0.0182949
24.0552,216,0,6,-1.9635,-1.83678,0.240071,0.0166239
24.0552,216,1,25,1.76715,1.83678,-0.240071,-0.0166239
24.1665,217,0,6,-1.9635,-1.80984,0.241922,0.0149401
24.1665,217,1,25,1.76715,1.80984,-0.241922,-0.0149401
24.2779,218,0,6,-1.9635,-1.78271,0.243586,0.0132446
24.2779,218,1,25,1.76715,1.78271,-0.243586,-0.0132446
24.3893,219,0,7,-1.76715,-1.75542,0.245061,0.0115389
24.3893,219,1,24,1.5708,1.75542,-0.245061,-0.0115389
24.5006,220,0,7,-1.76715,-1.72798,0.246346,0.00982422
24.5006,220,1,24,1.5708,1.72798,-0.246346,-0.00982422
24.612,221,0,7,-1.76715,-1.70043,0.24744,0.00810194
24.612,221,1,24,1.5708,1.70043,-0.24744,-0.00810194
24.7234,222,0,7,-1.76715,-1.67277,0.248342,0.00637337
24.7234,222,1,24,1.5708,1.67277,-0.248342,-0.00637337
24.8347,223,0,7,-1.76715,-1.64503,0.249052,0.00463987
24.8347,223,1,24,1.5708,1.64503,-0.249052,-0.00463987
24.9461,224,0,7,-1.76715,-1.61724,0.249569,0.00290277
24.9461,224,1,24,1.5708,1.61724,-0.249569,-0.00290277
25.0575,225,0,7,-1.76715,-1.58941,0.249892,0.00116342
25.0575,225,1,24,1.5708,1.58941,-0.249892,-0.00116342
25.1688,226,0,8,-1.5708,-1.56157,0.250021,-0.000576834
25.1688,226,1,23,1.37445,1.56157,-0.250021,0.000576834
25.2802,227,0,8,-1.5708,-1.53373,0.249957,-0.00231664
25.2802,227,1,23,1.37445,1.53373,-0.249957,0.00231664
25.3916,228,0,8,-1.5708,-1.50592,0.249699,-0.00405465
25.3916,228,1,23,1.37445,1.50592,-0.249699,0.00405465
25.5029,229,0,8,-1.5708,-1.47816,0.249248,-0.00578951
25.5029,229,1,23,1.37445,1.47816,-0.249248,0.00578951
25.6143,230,0,8,-1.5708,-1.45048,0.248603,-0.00751989
25.6143,230,1,23,1.37445,1.45048,-0.248603,0.00751989
25.7257,231,0,8,-1.5708,-1.42289,0.247765,-0.00924444
25.7257,231,1,23,1.37445,1.42289,-0.247765,0.00924444
25.837,232,0,8,-1.5708,-1.39541,0.246736,-0.0109618
25.837,232,1,23,1.37445,1.39541,-0.246736,0.0109618
25.9484,233,0,9,-1.37445,-1.36806,0.245515,-0.0126707
25.9484,233,1,22,1.1781,1.36806,-0.245515,0.0126707
26.0598,234,0,9,-1.37445,-1.34088,0.244104,-0.0143698
26.0598,234,1,22,1.1781,1.34088,-0.244104,0.0143698
26.1711,235,0,9,-1.37445,-1.31387,0.242504,-0.0160577
26.1711,235,1,22,1.1781,1.31387,-0.242504,0.0160577
26.2825,236,0,9,-1.37445,-1.28707,0.240715,-0.0177332
26.2825,236,1,22,1.1781,1.28707,-0.240715,0.0177332
26.3939,237,0,9,-1.37445,-1.26048,0.238741,-0.0193949
26.3939,237,1,22,1.1781,1.26048,-0.238741,0.0193949
26.5052,238,0,9,-1.37445,-1.23413,0.236581,-0.0210416
26.5052,238,1,22,1.1781,1.23413,-0.236581,0.0210416
26.6166,239,0,9,-1.37445,-1.20804,0.234237,-0.022672
26.6166,239,1,22,1.1781,1.20804,-0.234237,0.022672
26.728,240,0,9,-1.37445,-1.18224,0.231712,-0.0242848
26.728,240,1,22,1.1781,1.18224,-0.231712,0.0242848
26.8393,241,0,10,-1.1781,-1.15674,0.229008,-0.0258788
26.8393,241,1,21,0.981748,1.15674,-0.229008,0.0258788
26.9507,242,0,10,-1.1781,-1.13155,0.226126,-0.0274527
26.9507,242,1,21,0.981748,1.13155,-0.226126,0.0274527
27.0621,243,0,10,-1.1781,-1.10671,0.223069,-0.0290054
27.0621,243,1,21,0.981748,1.10671,-0.223069,0.0290054
27.1734,244,0,10,-1.1781,-1.08223,0.219838,-0.0305355
27.1734,244,1,21,0.981748,1.08223,-0.219838,0.0305355
27.2848,245,0,10,-1.1781,-1.05812,0.216438,-0.032042
27.2848,245,1,21,0.981748,1.05812,-0.216438,0.032042
27.3962,246,0,10,-1.1781,-1.03442,0.212869,-0.0335237
27.3962,246,1,21,0.981748,1.03442,-0.212869,0.0335237
27.5075,247,0,10,-1.1781,-1.01113,0.209136,-0.0349794
27.5075,247,1,21,0.981748,1.01113,-0.209136,0.0349794
27.6189,248,0,10,-1.1781,-0.98827,0.20524,-0.0364079
27.6189,248,1,21,0.981748,0.98827,-0.20524,0.0364079
27.7303,249,0,11,-0.981748,-0.965864,0.201186,-0.0378083
27.7303,249,1,20,0.785398,0.965864,-0.201186,0.0378083
27.8416,250,0,11,-0.981748,-0.943928,0.196975,-0.0391793
27.8416,250,1,20,0.785398,0.943928,-0.196975,0.0391793
27.953,251,0,11,-0.981748,-0.922477,0.192612,-0.0405199
27.953,251,1,20,0.785398,0.922477,-0.192612,0.0405199
28.0644,252,0,11,-0.981748,-0.901529,0.188099,-0.0418292
28.0644,252,1,20,0.785398,0.901529,-0.188099,0.0418292
28.1757,253,0,11,-0.981748,-0.8811,0.183441,-0.043106
28.1757,253,1,20,0.785398,0.8811,-0.183441,0.043106
28.2871,254,0,11,-0.981748,-0.861206,0.17864,-0.0443494
28.2871,254,1,20,0.785398,0.861206,-0.17864,0.0443494
28.3985,255,0,11,-0.981748,-0.841861,0.173701,-0.0455585
28.3985,255,1,20,0.785398,0.841861,-0.173701,0.0455585
28.5098,256,0,11,-0.981748,-0.823082,0.168628,-0.0467322
28.5098,256,1,20,0.785398,0.823082,-0.168628,0.0467322
28.6212,257,0,11,-0.981748,-0.804882,0.163423,-0.0478697
28.6212,257,1,20,0.785398,0.804882,-0.163423,0.0478697
28.7326,258,0,11,-0.981748,-0.787276,0.158092,-0.0489701
28.7326,258,1,20,0.785398,0.787276,-0.158092,0.0489701
28.8439,259,0,12,-0.785398,-0.770277,0.152639,-0.0500325
28.8439,259,1,19,0.589049,0.770277,-0.152639,0.0500325
28.9553,260,0,12,-0.785398,-0.753898,0.147067,-0.0510561
28.9553,260,1,19,0.589049,0.753898,-0.147067,0.0510561
29.0667,261,0,12,-0.785398,-0.738153,0.141381,-0.0520402
29.0667,261,1,19,0.589049,0.738153,-0.141381,0.0520402
29.178,262,0,12,-0.785398,-0.723054,0.135585,-0.0529839
29.178,262,1,19,0.589049,0.723054,-0.135585,0.0529839
29.2894,263,0,12,-0.785398,-0.708611,0.129684,-0.0538866
29.2894,263,1,19,0.589049,0.708611,-0.129684,0.0538866
29.4008,264,0,12,-0.785398,-0.694837,0.123683,-0.0547475
29.4008,264,1,19,0.589049,0.694837,-0.123683,0.0547475
29.5121,265,0,12,-0.785398,-0.681742,0.117586,-0.0555659
29.5121,265,1,19,0.589049,0.681742,-0.117586,0.0555659
29.6235,266,0,12,-0.785398,-0.669336,0.111398,-0.0563413
29.6235,266,1,19,0.589049,0.669336,-0.111398,0.0563413
29.7349,267,0,12,-0.785398,-0.657629,0.105124,-0.057073
29.7349,267,1,19,0.589049,0.657629,-0.105124,0.057073
29.8462,268,0,12,-0.785398,-0.646629,0.0987675,-0.0577604
29.8462,268,1,19,0.589049,0.646629,-0.0987675,0.0577604
29.9576,269,0,12,-0.785398,-0.636346,0.0923349,-0.0584031
29.9576,269,1,19,0.589049,0.636346,-0.0923349,0.0584031
30.069,270,0,12,-0.785398,-0.626787,0.0858308,-0.0590006
30.069,270,1,19,0.589049,0.626787,-0.0858308,0.0590006
30.1803,271,0,12,-0.785398,-0.617961,0.0792601,-0.0595522
30.1803,271,1,19,0.589049,0.617961,-0.0792601,0.0595522
30.2917,272,0,12,-0.785398,-0.609872,0.0726279,-0.0600578
30.2917,272,1,19,0.589049,0.609872,-0.0726279,0.0600578
30.4031,273,0,12,-0.785398,-0.602529,0.0659395,-0.0605167
30.4031,273,1,19,0.589049,0.602529,-0.0659395,0.0605167
30.5144,274,0,12,-0.785398,-0.595936,0.0592,-0.0609288
30.5144,274,1,19,0.589049,0.595936,-0.0592,0.0609288
30.6258,275,0,12,-0.785398,-0.590099,0.0524145,-0.0612936
30.6258,275,1,19,0.589049,0.590099,-0.0524145,0.0612936
30.7372,276,0,13,-0.589049,-0.585022,0.0455885,-0.0616109
30.7372,276,1,18,0.392699,0.585022,-0.0455885,0.0616109
30.8485,277,0,13,-0.589049,-0.580709,0.0387271,-0.0618805
30.8485,277,1,18,0.392699,0.580709,-0.0387271,0.0618805
30.9599,278,0,13,-0.589049,-0.577163,0.0318357,-0.0621021
30.9599,278,1,18,0.392699,0.577163,-0.0318357,0.0621021
31.0713,279,0,13,-0.589049,-0.574388,0.0249196,-0.0622755
31.0713,279,1,18,0.392699,0.574388,-0.0249196,0.0622755
31.1826,280,0,13,-0.589049,-0.572385,0.0179842,-0.0624007
31.1826,280,1,18,0.392699,0.572385,-0.0179842,0.0624007
31.294,281,0,13,-0.589049,-0.571156,0.0110348,-0.0624775
31.294,281,1,18,0.392699,0.571156,-0.0110348,0.0624775
31.4054,282,0,13,-0.589049,-0.570702,0.00407692,-0.0625059
31.4054,282,1,18,0.392699,0.570702,-0.00407692,0.0625059
31.5167,283,0,13,-0.589049,-0.571023,-0.00288414,-0.0624858
31.5167,283,1,18,0.392699,0.571023,0.00288414,0.0624858
31.6281,284,0,13,-0.589049,-0.57212,-0.00984297,-0.0624173
31.6281,284,1,18,0.392699,0.57212,0.00984297,0.0624173
31.7395,285,0,13,-0.589049,-0.57399,-0.0167942,-0.0623004
31.7395,285,1,18,0.392699,0.57399,0.0167942,0.0623004
31.8508,286,0,13,-0.589049,-0.576633,-0.0237324,-0.0621352
31.8508,286,1,18,0.392699,0.576633,0.0237324,0.0621352
31.9622,287,0,13,-0.589049,-0.580047,-0.0306521,-0.0619219
31.9622,287,1,18,0.392699,0.580047,0.0306521,0.0619219
32.0736,288,0,13,-0.589049,-0.584228,-0.0375482,-0.0616605
32.0736,288,1,18,0.392699,0.584228,0.0375482,0.0616605
32.1849,289,0,12,-0.785398,-0.589175,-0.0444151,-0.0613514
32.1849,289,1,19,0.589049,0.589175,0.0444151,0.0613514
32.2963,290,0,12,-0.785398,-0.594882,-0.0512476,-0.0609947
32.2963,290,1,19,0.589049,0.594882,0.0512476,0.0609947
32.4077,291,0,12,-0.785398,-0.601346,-0.0580403,-0.0605907
32.4077,291,1,19,0.589049,0.601346,0.0580403,0.0605907
32.519,292,0,12,-0.785398,-0.608561,-0.0647881,-0.0601397
32.519,292,1,19,0.589049,0.608561,0.0647881,0.0601397
32.6304,293,0,12,-0.785398,-0.616522,-0.0714857,-0.0596422
32.6304,293,1,19,0.589049,0.616522,0.0714857,0.0596422
32.7418,294,0,12,-0.785398,-0.625223,-0.0781278,-0.0590984
32.7418,294,1,19,0.589049,0.625223,0.0781278,0.0590984
32.8531,295,0,12,-0.785398,-0.634657,-0.0847094,-0.0585087
32.8531,295,1,19,0.589049,0.634657,0.0847094,0.0585087
32.9645,296,0,12,-0.785398,-0.644816,-0.0912253,-0.0578738
32.9645,296,1,19,0.589049,0.644816,0.0912253,0.0578738
33.0759,297,0,12,-0.785398,-0.655693,-0.0976705,-0.0571939
33.0759,297,1,19,0.589049,0.655693,0.0976705,0.0571939
33.1872,298,0,12,-0.785398,-0.66728,-0.10404,-0.0564698
33.1872,298,1,19,0.589049,0.66728,0.10404,0.0564698
33.2986,299,0,12,-0.785398,-0.679567,-0.110329,-0.0557019
33.2986,299,1,19,0.589049,0.679567,0.110329,0.0557019
33.41,300,0,12,-0.785398,-0.692544,-0.116532,-0.0548907
33.41,300,1,19,0.589049,0.692544,0.116532,0.0548907
33.5213,301,0,12,-0.785398,-0.706203,-0.122645,-0.0540371
33.5213,301,1,19,0.589049,0.706203,0.122645,0.0540371
33.6327,302,0,12,-0.785398,-0.720532,-0.128663,-0.0531415
33.6327,302,1,19,0.589049,0.720532,0.128663,0.0531415
33.7441,303,0,12,-0.785398,-0.73552,-0.134581,-0.0522048
33.7441,303,1,19,0.589049,0.73552,0.134581,0.0522048
33.8554,304,0,12,-0.785398,-0.751155,-0.140395,-0.0512276
33.8554,304,1,19,0.589049,0.751155,0.140395,0.0512276
33.9668,305,0,12,-0.785398,-0.767426,-0.1461,-0.0502107
33.9668,305,1,19,0.589049,0.767426,0.1461,0.0502107
34.0782,306,0,12,-0.785398,-0.784319,-0.151692,-0.0491548
34.0782,306,1,19,0.589049,0.784319,0.151692,0.0491548
34.1895,307,0,11,-0.981748,-0.801822,-0.157166,-0.0480609
34.1895,307,1,20,0.785398,0.801822,0.157166,0.0480609
34.3009,308,0,11,-0.981748,-0.819921,-0.162519,-0.0469297
34.3009,308,1,20,0.785398,0.819921,0.162519,0.0469297
34.4123,309,0,11,-0.981748,-0.838602,-0.167745,-0.0457621
34.4123,309,1,20,0.785398,0.838602,0.167745,0.0457621
34.5236,310,0,11,-0.981748,-0.857851,-0.172841,-0.0445591
34.5236,310,1,20,0.785398,0.857851,0.172841,0.0445591
34.635,311,0,11,-0.981748,-0.877653,-0.177804,-0.0433215
34.635,311,1,20,0.785398,0.877653,0.177804,0.0433215
34.7464,312,0,11,-0.981748,-0.897991,-0.182628,-0.0420503
34.7464,312,1,20,0.785398,0.897991,0.182628,0.0420503
34.8577,313,0,11,-0.981748,-0.918851,-0.187311,-0.0407466
34.8577,313,1,20,0.785398,0.918851,0.187311,0.0407466
34.9691,314,0,11,-0.981748,-0.940217,-0.191849,-0.0394112
34.9691,314,1,20,0.785398,0.940217,0.191849,0.0394112
35.0805,315,0,11,-0.981748,-0.962071,-0.196238,-0.0380453
35.0805,315,1,20,0.785398,0.962071,0.196238,0.0380453
35.1918,316,0,10,-1.1781,-0.984398,-0.200475,-0.0366499
35.1918,316,1,21,0.981748,0.984398,0.200475,0.0366499
35.3032,317,0,10,-1.1781,-1.00718,-0.204557,-0.0352261
35.3032,317,1,21,0.981748,1.00718,0.204557,0.0352261
35.4146,318,0,10,-1.1781,-1.0304,-0.20848,-0.033775
35.4146,318,1,21,0.981748,1.0304,0.20848,0.033775
35.5259,319,0,10,-1.1781,-1.05403,-0.212241,-0.0322977
35.5259,319,1,21,0.981748,1.05403,0.212241,0.0322977
35.6373,320,0,10,-1.1781,-1.07807,-0.215838,-0.0307954
35.6373,320,1,21,0.981748,1.07807,0.215838,0.0307954
35.7487,321,0,10,-1.1781,-1.10249,-0.219268,-0.0292692
35.7487,321,1,21,0.981748,1.10249,0.219268,0.0292692
35.86,322,0,10,-1.1781,-1.12727,-0.222527,-0.0277203
35.86,322,1,21,0.981748,1.12727,0.222527,0.0277203
35.9714,323,0,10,-1.1781,-1.1524,-0.225614,-0.02615
35.9714,323,1,21,0.981748,1.1524,0.225614,0.02615
36.0828,324,0,10,-1.1781,-1.17785,-0.228527,-0.0245593
36.0828,324,1,21,0.981748,1.17785,0.228527,0.0245593
36.1941,325,0,9,-1.37445,-1.2036,-0.231262,-0.0229497
36.1941,325,1,22,1.1781,1.2036,0.231262,0.0229497
36.3055,326,0,9,-1.37445,-1.22964,-0.233817,-0.0213222
36.3055,326,1,22,1.1781,1.22964,0.233817,0.0213222
36.4169,327,0,9,-1.37445,-1.25595,-0.236192,-0.0196782
36.4169,327,1,22,1.1781,1.25595,0.236192,0.0196782
36.5282,328,0,9,-1.37445,-1.28249,-0.238384,-0.0180189
36.5282,328,1,22,1.1781,1.28249,0.238384,0.0180189
36.6396,329,0,9,-1.37445,-1.30926,-0.24039,-0.0163457
36.6396,329,1,22,1.1781,1.30926,0.24039,0.0163457
36.751,330,0,9,-1.37445,-1.33624,-0.242211,-0.0146598
36.751,330,1,22,1.1781,1.33624,0.242211,0.0146598
36.8623,331,0,9,-1.37445,-1.36339,-0.243843,-0.0129626
36.8623,331,1,22,1.1781,1.36339,0.243843,0.0129626
36.9737,332,0,8,-1.5708,-1.39071,-0.245287,-0.0112553
36.9737,332,1,23,1.37445,1.39071,0.245287,0.0112553
37.0851,333,0,8,-1.5708,-1.41817,-0.24654,-0.00953928
37.0851,333,1,23,1.37445,1.41817,0.24654,0.00953928
37.1964,334,0,8,-1.5708,-1.44574,-0.247603,-0.00781586
37.1964,334,1,23,1.37445,1.44574,0.247603,0.00781586
37.3078,335,0,8,-1.5708,-1.47341,-0.248473,-0.00608639
37.3078,335,1,23,1.37445,1.47341,0.248473,0.00608639
37.4192,336,0,8,-1.5708,-1.50116,-0.249151,-0.0043522
37.4192,336,1,23,1.37445,1.50116,0.249151,0.0043522
37.5305,337,0,8,-1.5708,-1.52896,-0.249636,-0.00261463
37.5305,337,1,23,1.37445,1.52896,0.249636,0.00261463
37.6419,338,0,8,-1.5708,-1.5568,-0.249927,-0.000875036
37.6419,338,1,23,1.37445,1.5568,0.249927,0.000875036
37.7533,339,0,7,-1.76715,-1.58464,-0.250024,0.000865235
37.7533,339,1,24,1.5708,1.58464,0.250024,-0.000865235
37.8646,340,0,7,-1.76715,-1.61247,-0.249928,0.00260484
37.8646,340,1,24,1.5708,1.61247,0.249928,-0.00260484
37.976,341,0,7,-1.76715,-1.64027,-0.249638,0.00434242
37.976,341,1,24,1.5708,1.64027,0.249638,-0.00434242
38.0874,342,0,7,-1.76715,-1.66802,-0.249154,0.00607663
38.0874,342,1,24,1.5708,1.66802,0.249154,-0.00607663
38.1987,343,0,7,-1.76715,-1.69569,-0.248477,0.00780614
38.1987,343,1,24,1.5708,1.69569,0.248477,-0.00780614
38.3101,344,0,7,-1.76715,-1.72327,-0.247608,0.00952959
38.3101,344,1,24,1.5708,1.72327,0.247608,-0.00952959
38.4215,345,0,7,-1.76715,-1.75073,-0.246547,0.0112457
38.4215,345,1,24,1.5708,1.75073,0.246547,-0.0112457
38.5328,346,0,6,-1.9635,-1.77804,-0.245294,0.012953
38.5328,346,1,25,1.76715,1.77804,0.245294,-0.012953
38.6442,347,0,6,-1.9635,-1.8052,-0.243852,0.0146503
38.6442,347,1,25,1.76715,1.8052,0.243852,-0.0146503
38.7556,348,0,6,-1.9635,-1.83218,-0.24222,0.0163363
38.7556,348,1,25,1.76715,1.83218,0.24222,-0.0163363
38.8669,349,0,6,-1.9635,-1.85895,-0.240401,0.0180096
38.8669,349,1,25,1.76715,1.85895,0.240401,-0.0180096
38.9783,350,0,6,-1.9635,-1.8855,-0.238395,0.0196689
38.9783,350,1,25,1.76715,1.8855,0.238395,-0.0196689
39.0897,351,0,6,-1.9635,-1.9118,-0.236205,0.021313
39.0897,351,1,25,1.76715,1.9118,0.236205,-0.021313
39.201,352,0,6,-1.9635,-1.93784,-0.233831,0.0229405
39.201,352,1,25,1.76715,1.93784,0.233831,-0.0229405
39.3124,353,0,5,-2.15984,-1.9636,-0.231277,0.0245503
39.3124,353,1,26,1.9635,1.9636,0.231277,-0.0245503
39.4238,354,0,5,-2.15984,-1.98905,-0.228542,0.0261411
39.4238,354,1,26,1.9635,1.98905,0.228542,-0.0261411
39.5351,355,0,5,-2.15984,-2.01418,-0.225631,0.0277115
39.5351,355,1,26,1.9635,2.01418,0.225631,-0.0277115
39.6465,356,0,5,-2.15984,-2.03897,-0.222545,0.0292606
39.6465,356,1,26,1.9635,2.03897,0.222545,-0.0292606
39.7579,357,0,5,-2.15984,-2.06339,-0.219286,0.0307869
39.7579,357,1,26,1.9635,2.06339,0.219286,-0.0307869
39.8692,358,0,5,-2.15984,-2.08743,-0.215858,0.0322893
39.8692,358,1,26,1.9635,2.08743,0.215858,-0.0322893
39.9806,359,0,5,-2.15984,-2.11106,-0.212262,0.0337668
39.9806,359,1,26,1.9635,2.11106,0.212262,-0.0337668
40.092,360,0,5,-2.15984,-2.13428,-0.208501,0.035218
40.092,360,1,26,1.9635,2.13428,0.208501,-0.035218
40.2033,361,0,5,-2.15984,-2.15707,-0.204579,0.036642
40.2033,361,1,26,1.9635,2.15707,0.204579,-0.036642
40.3147,362,0,4,-2.35619,-2.1794,-0.200499,0.0380375
40.3147,362,1,27,2.15984,2.1794,0.200499,-0.0380375
40.4261,363,0,4,-2.35619,-2.20125,-0.196262,0.0394036
40.4261,363,1,27,2.15984,2.20125,0.196262,-0.0394036
40.5374,364,0,4,-2.35619,-2.22262,-0.191874,0.0407391
40.5374,364,1,27,2.15984,2.22262,0.191874,-0.0407391
40.6488,365,0,4,-2.35619,-2.24349,-0.187337,0.0420431
40.6488,365,1,27,2.15984,2.24349,0.187337,-0.0420431
40.7602,366,0,4,-2.35619,-2.26383,-0.182655,0.0433144
40.7602,366,1,27,2.15984,2.26383,0.182655,-0.0433144
40.8715,367,0,4,-2.35619,-2.28363,-0.177831,0.0445522
40.8715,367,1,27,2.15984,2.28363,0.177831,-0.0445522
40.9829,368,0,4,-2.35619,-2.30288,-0.17287,0.0457554
40.9829,368,1,27,2.15984,2.30288,0.17287,-0.0457554
41.0943,369,0,4,-2.35619,-2.32157,-0.167774,0.0469232
41.0943,369,1,27,2.15984,2.32157,0.167774,-0.0469232
41.2056,370,0,4,-2.35619,-2.33967,-0.162548,0.0480546
41.2056,370,1,27,2.15984,2.33967,0.162548,-0.0480546
41.317,371,0,3,-2.55254,-2.35718,-0.157197,0.0491488
41.317,371,1,28,2.35619,2.35718,0.157197,-0.0491488
41.4284,372,0,3,-2.55254,-2.37407,-0.151723,0.0502048
41.4284,372,1,28,2.35619,2.37407,0.151723,-0.0502048
41.5397,373,0,3,-2.55254,-2.39035,-0.146132,0.051222
41.5397,373,1,28,2.35619,2.39035,0.146132,-0.051222
41.6511,374,0,3,-2.55254,-2.40599,-0.140428,0.0521994
41.6511,374,1,28,2.35619,2.40599,0.140428,-0.0521994
41.7625,375,0,3,-2.55254,-2.42098,-0.134614,0.0531364
41.7625,375,1,28,2.35619,2.42098,0.134614,-0.0531364
41.8738,376,0,3,-2.55254,-2.43531,-0.128697,0.0540322
41.8738,376,1,28,2.35619,2.43531,0.128697,-0.0540322
41.9852,377,0,3,-2.55254,-2.44897,-0.122679,0.0548861
41.9852,377,1,28,2.35619,2.44897,0.122679,-0.0548861
42.0966,378,0,3,-2.55254,-2.46195,-0.116567,0.0556974
42.0966,378,1,28,2.35619,2.46195,0.116567,-0.0556974
42.2079,379,0,3,-2.55254,-2.47425,-0.110364,0.0564656
42.2079,379,1,28,2.35619,2.47425,0.110364,-0.0564656
42.3193,380,0,3,-2.55254,-2.48584,-0.104076,0.05719
42.3193,380,1,28,2.35619,2.48584,0.104076,-0.05719
42.4307,381,0,3,-2.55254,-2.49672,-0.0977066,0.0578701
42.4307,381,1,28,2.35619,2.49672,0.0977066,-0.0578701
42.542,382,0,3,-2.55254,-2.50688,-0.0912618,0.0585053
42.542,382,1,28,2.35619,2.50688,0.0912618,-0.0585053
42.6534,383,0,3,-2.55254,-2.51632,-0.0847463,0.0590952
42.6534,383,1,28,2.35619,2.51632,0.0847463,-0.0590952
42.7648,384,0,3,-2.55254,-2.52502,-0.0781651,0.0596392
42.7648,384,1,28,2.35619,2.52502,0.0781651,-0.0596392
42.8761,385,0,3,-2.55254,-2.53299,-0.0715232,0.060137
42.8761,385,1,28,2.35619,2.53299,0.0715232,-0.060137
42.9875,386,0,3,-2.55254,-2.54021,-0.064826,0.0605883
42.9875,386,1,28,2.35619,2.54021,0.064826,-0.0605883
43.0989,387,0,3,-2.55254,-2.54668,-0.0580785,0.0609925
43.0989,387,1,28,2.35619,2.54668,0.0580785,-0.0609925
43.2102,388,0,3,-2.55254,-2.55239,-0.0512859,0.0613495
43.2102,388,1,28,2.35619,2.55239,0.0512859,-0.0613495
43.3216,389,0,2,-2.74889,-2.55734,-0.0444537,0.0616589
43.3216,389,1,29,2.55254,2.55734,0.0444537,-0.0616589
43.433,390,0,2,-2.74889,-2.56152,-0.0375869,0.0619205
43.433,390,1,29,2.55254,2.56152,0.0375869,-0.0619205
43.5443,391,0,2,-2.74889,-2.56494,-0.0306911,0.0621341
43.5443,391,1,29,2.55254,2.56494,0.0306911,-0.0621341
43.6557,392,0,2,-2.74889,-2.56759,-0.0237714,0.0622996
43.6557,392,1,29,2.55254,2.56759,0.0237714,-0.0622996
43.7671,393,0,2,-2.74889,-2.56946,-0.0168333,0.0624168
43.7671,393,1,29,2.55254,2.56946,0.0168333,-0.0624168
43.8784,394,0,2,-2.74889,-2.57057,-0.00988215,0.0624856
43.8784,394,1,29,2.55254,2.57057,0.00988215,-0.0624856
43.9898,395,0,2,-2.74889,-2.57089,-0.00292335,0.0625059
43.9898,395,1,29,2.55254,2.57089,0.00292335,-0.0625059
44.1012,396,0,2,-2.74889,-2.57044,0.00403772,0.0624778
44.1012,396,1,29,2.55254,2.57044,-0.00403772,-0.0624778
44.2125,397,0,2,-2.74889,-2.56922,0.0109957,0.0624013
44.2125,397,1,29,2.55254,2.56922,-0.0109957,-0.0624013
44.3239,398,0,2,-2.74889,-2.56722,0.0179451,0.0622764
44.3239,398,1,29,2.55254,2.56722,-0.0179451,-0.0622764
44.4353,399,0,2,-2.74889,-2.56445,0.0248806,0.0621032
44.4353,399,1,29,2.55254,2.56445,-0.0248806,-0.0621032
44.5466,400,0,2,-2.74889,-2.56091,0.0317968,0.0618819
44.5466,400,1,29,2.55254,2.56091,-0.0317968,-0.0618819
44.658,401,0,2,-2.74889,-2.5566,0.0386884,0.0616126
44.658,401,1,29,2.55254,2.5566,-0.0386884,-0.0616126
44.7694,402,0,3,-2.55254,-2.55152,0.0455499,0.0612955
44.7694,402,1,28,2.35619,2.55152,-0.0455499,-0.0612955
44.8807,403,0,3,-2.55254,-2.54569,0.0523762,0.060931
44.8807,403,1,28,2.35619,2.54569,-0.0523762,-0.060931
44.9921,404,0,3,-2.55254,-2.5391,0.0591619,0.0605192
44.9921,404,1,28,2.35619,2.5391,-0.0591619,-0.0605192
45.1035,405,0,3,-2.55254,-2.53176,0.0659017,0.0600605
45.1035,405,1,28,2.35619,2.53176,-0.0659017,-0.0600605
45.2148,406,0,3,-2.55254,-2.52368,0.0725904,0.0595552
45.2148,406,1,28,2.35619,2.52368,-0.0725904,-0.0595552
45.3262,407,0,3,-2.55254,-2.51486,0.0792229,0.0590038
45.3262,407,1,28,2.35619,2.51486,-0.0792229,-0.0590038
45.4376,408,0,3,-2.55254,-2.5053,0.0857939,0.0584066
45.4376,408,1,28,2.35619,2.5053,-0.0857939,-0.0584066
45.5489,409,0,3,-2.55254,-2.49502,0.0922985,0.0577642
45.5489,409,1,28,2.35619,2.49502,-0.0922985,-0.0577642
45.6603,410,0,3,-2.55254,-2.48403,0.0987315,0.057077
45.6603,410,1,28,2.35619,2.48403,-0.0987315,-0.057077
45.7717,411,0,3,-2.55254,-2.47232,0.105088,0.0563455
45.7717,411,1,28,2.35619,2.47232,-0.105088,-0.0563455
45.883,412,0,3,-2.55254,-2.45992,0.111363,0.0555704
45.883,412,1,28,2.35619,2.45992,-0.111363,-0.0555704
45.9944,413,0,3,-2.55254,-2.44683,0.117552,0.0547522
45.9944,413,1,28,2.35619,2.44683,-0.117552,-0.0547522
46.1058,414,0,3,-2.55254,-2.43306,0.123649,0.0538915
46.1058,414,1,28,2.35619,2.43306,-0.123649,-0.0538915
46.2171,415,0,3,-2.55254,-2.41862,0.129651,0.0529891
46.2171,415,1,28,2.35619,2.41862,-0.129651,-0.0529891
46.3285,416,0,3,-2.55254,-2.40353,0.135552,0.0520456
46.3285,416,1,28,2.35619,2.40353,-0.135552,-0.0520456
46.4399,417,0,3,-2.55254,-2.38778,0.141348,0.0510618
46.4399,417,1,28,2.35619,2.38778,-0.141348,-0.0510618
46.5512,418,0,3,-2.55254,-2.37141,0.147035,0.0500384
46.5512,418,1,28,2.35619,2.37141,-0.147035,-0.0500384
46.6626,419,0,4,-2.35619,-2.35441,0.152607,0.0489761
46.6626,419,1,27,2.15984,2.35441,-0.152607,-0.0489761
46.774,420,0,4,-2.35619,-2.33681,0.158062,0.047876
46.774,420,1,27,2.15984,2.33681,-0.158062,-0.047876
46.8853,421,0,4,-2.35619,-2.31862,0.163394,0.0467387
46.8853,421,1,27,2.15984,2.31862,-0.163394,-0.0467387
46.9967,422,0,4,-2.35619,-2.29984,0.168599,0.0455652
46.9967,422,1,27,2.15984,2.29984,-0.168599,-0.0455652
47.1081,423,0,4,-2.35619,-2.2805,0.173673,0.0443563
47.1081,423,1,27,2.15984,2.2805,-0.173673,-0.0443563
47.2194,424,0,4,-2.35619,-2.26061,0.178613,0.0431131
47.2194,424,1,27,2.15984,2.26061,-0.178613,-0.0431131
47.3308,425,0,4,-2.35619,-2.24018,0.183414,0.0418365
47.3308,425,1,27,2.15984,2.24018,-0.183414,-0.0418365
47.4422,426,0,4,-2.35619,-2.21923,0.188073,0.0405274
47.4422,426,1,27,2.15984,2.21923,-0.188073,-0.0405274
47.5535,427,0,4,-2.35619,-2.19779,0.192587,0.0391869
47.5535,427,1,27,2.15984,2.19779,-0.192587,-0.0391869
47.6649,428,0,4,-2.35619,-2.17585,0.196951,0.0378161
47.6649,428,1,27,2.15984,2.17585,-0.196951,-0.0378161
47.7763,429,0,5,-2.15984,-2.15345,0.201162,0.0364159
47.7763,429,1,26,1.9635,2.15345,-0.201162,-0.0364159
47.8876,430,0,5,-2.15984,-2.1306,0.205218,0.0349875
47.8876,430,1,26,1.9635,2.1306,-0.205218,-0.0349875
47.999,431,0,5,-2.15984,-2.10731,0.209114,0.033532
47.999,431,1,26,1.9635,2.10731,-0.209114,-0.033532
48.1104,432,0,5,-2.15984,-2.0836,0.212849,0.0320505
48.1104,432,1,26,1.9635,2.0836,-0.212849,-0.0320505
48.2217,433,0,5,-2.15984,-2.0595,0.216418,0.0305441
48.2217,433,1,26,1.9635,2.0595,-0.216418,-0.0305441
48.3331,434,0,5,-2.15984,-2.03502,0.21982,0.0290141
48.3331,434,1,26,1.9635,2.03502,-0.21982,-0.0290141
48.4445,435,0,5,-2.15984,-2.01018,0.223051,0.0274615
48.4445,435,1,26,1.9635,2.01018,-0.223051,-0.0274615
48.5558,436,0,5,-2.15984,-1.985,0.226109,0.0258877
48.5558,436,1,26,1.9635,1.985,-0.226109,-0.0258877
48.6672,437,0,6,-1.9635,-1.9595,0.228992,0.0242938
48.6672,437,1,25,1.76715,1.9595,-0.228992,-0.0242938
48.7786,438,0,6,-1.9635,-1.93369,0.231698,0.0226811
48.7786,438,1,25,1.76715,1.93369,-0.231698,-0.0226811
48.8899,439,0,6,-1.9635,-1.90761,0.234224,0.0210508
48.8899,439,1,25,1.76715,1.90761,-0.234224,-0.0210508
49.0013,440,0,6,-1.9635,-1.88126,0.236568,0.0194042
49.0013,440,1,25,1.76715,1.88126,-0.236568,-0.0194042
49.1127,441,0,6,-1.9635,-1.85468,0.238729,0.0177426
49.1127,441,1,25,1.76715,1.85468,-0.238729,-0.0177426
49.224,442,0,6,-1.9635,-1.82787,0.240705,0.0160672
49.224,442,1,25,1.76715,1.82787,-0.240705,-0.0160672
49.3354,443,0,6,-1.9635,-1.80087,0.242494,0.0143793
49.3354,443,1,25,1.76715,1.80087,-0.242494,-0.0143793
49.4468,444,0,6,-1.9635,-1.77368,0.244096,0.0126803
49.4468,444,1,25,1.76715,1.77368,-0.244096,-0.0126803
49.5581,445,0,7,-1.76715,-1.74634,0.245508,0.0109715
49.5581,445,1,24,1.5708,1.74634,-0.245508,-0.0109715
49.6695,446,0,7,-1.76715,-1.71886,0.24673,0.00925414
49.6695,446,1,24,1.5708,1.71886,-0.24673,-0.00925414
49.7809,447,0,7,-1.76715,-1.69127,0.24776,0.00752962
49.7809,447,1,24,1.5708,1.69127,-0.24776,-0.00752962
49.8922,448,0,7,-1.76715,-1.66358,0.248599,0.00579927
49.8922,448,1,24,1.5708,1.66358,-0.248599,-0.00579927
50.0036,449,0,7,-1.76715,-1.63583,0.249245,0.00406443
50.0036,449,1,24,1.5708,1.63583,-0.249245,-0.00406443
50.115,450,0,7,-1.76715,-1.60802,0.249697,0.00232643
50.115,450,1,24,1.5708,1.60802,-0.249697,-0.00232643
50.2263,451,0,7,-1.76715,-1.58018,0.249956,0.000586635
50.2263,451,1,24,1.5708,1.58018,-0.249956,-0.000586635
50.3377,452,0,8,-1.5708,-1.55234,0.250022,-0.00115362
50.3377,452,1,23,1.37445,1.55234,-0.250022,0.00115362
50.4491,453,0,8,-1.5708,-1.52451,0.249893,-0.00289298
50.4491,453,1,23,1.37445,1.52451,-0.249893,0.00289298
50.5604,454,0,8,-1.5708,-1.49671,0.249571,-0.00463009
50.5604,454,1,23,1.37445,1.49671,-0.249571,0.00463009
50.6718,455,0,8,-1.5708,-1.46898,0.249055,-0.00636362
50.6718,455,1,23,1.37445,1.46898,-0.249055,0.00636362
50.7832,456,0,8,-1.5708,-1.44132,0.248347,-0.00809222
50.7832,456,1,23,1.37445,1.44132,-0.248347,0.00809222
50.8945,457,0,8,-1.5708,-1.41376,0.247445,-0.00981454
50.8945,457,1,23,1.37445,1.41376,-0.247445,0.00981454
51.0059,458,0,8,-1.5708,-1.38633,0.246352,-0.0115293
51.0059,458,1,23,1.37445,1.38633,-0.246352,0.0115293
51.1173,459,0,9,-1.37445,-1.35904,0.245068,-0.013235
51.1173,459,1,22,1.1781,1.35904,-0.245068,0.013235
51.2286,460,0,9,-1.37445,-1.33191,0.243595,-0.0149305
51.2286,460,1,22,1.1781,1.33191,-0.243595,0.0149305
51.34,461,0,9,-1.37445,-1.30496,0.241932,-0.0166145
51.34,461,1,22,1.1781,1.30496,-0.241932,0.0166145
51.4514,462,0,9,-1.37445,-1.27823,0.240081,-0.0182856
51.4514,462,1,22,1.1781,1.27823,-0.240081,0.0182856
51.5627,463,0,9,-1.37445,-1.25172,0.238045,-0.0199424
51.5627,463,1,22,1.1781,1.25172,-0.238045,0.0199424
51.6741,464,0,9,-1.37445,-1.22545,0.235824,-0.0215839
51.6741,464,1,22,1.1781,1.22545,-0.235824,0.0215839
51.7855,465,0,9,-1.37445,-1.19946,0.23342,-0.0232086
51.7855,465,1,22,1.1781,1.19946,-0.23342,0.0232086
51.8968,466,0,10,-1.1781,-1.17375,0.230836,-0.0248153
51.8968,466,1,21,0.981748,1.17375,-0.230836,0.0248153
52.0082,467,0,10,-1.1781,-1.14835,0.228072,-0.0264028
52.0082,467,1,21,0.981748,1.14835,-0.228072,0.0264028
52.1196,468,0,10,-1.1781,-1.12328,0.225132,-0.0279698
52.1196,468,1,21,0.981748,1.12328,-0.225132,0.0279698
52.2309,469,0,10,-1.1781,-1.09855,0.222017,-0.0295151
52.2309,469,1,21,0.981748,1.09855,-0.222017,0.0295151
52.3423,470,0,10,-1.1781,-1.0742,0.21873,-0.0310376
52.3423,470,1,21,0.981748,1.0742,-0.21873,0.0310376
52.4536,471,0,10,-1.1781,-1.05022,0.215273,-0.0325359
52.4536,471,1,21,0.981748,1.05022,-0.215273,0.0325359
52.565,472,0,10,-1.1781,-1.02665,0.21165,-0.0340091
52.565,472,1,21,0.981748,1.02665,-0.21165,0.0340091
52.6764,473,0,10,-1.1781,-1.0035,0.207862,-0.0354559
52.6764,473,1,21,0.981748,1.0035,-0.207862,0.0354559
52.7877,474,0,11,-0.981748,-0.980792,0.203914,-0.0368753
52.7877,474,1,20,0.785398,0.980792,-0.203914,0.0368753
52.8991,475,0,11,-0.981748,-0.95854,0.199807,-0.038266
52.8991,475,1,20,0.785398,0.95854,-0.199807,0.038266
53.0105,476,0,11,-0.981748,-0.936763,0.195546,-0.0396271
53.0105,476,1,20,0.785398,0.936763,-0.195546,0.0396271
53.1218,477,0,11,-0.981748,-0.915477,0.191133,-0.0409574
53.1218,477,1,20,0.785398,0.915477,-0.191133,0.0409574
53.2332,478,0,11,-0.981748,-0.8947,0.186571,-0.042256
53.2332,478,1,20,0.785398,0.8947,-0.186571,0.042256
53.3446,479,0,11,-0.981748,-0.874446,0.181865,-0.0435219
53.3446,479,1,20,0.785398,0.874446,-0.181865,0.0435219
53.4559,480,0,11,-0.981748,-0.854732,0.177018,-0.044754
53.4559,480,1,20,0.785398,0.854732,-0.177018,0.044754
53.5673,481,0,11,-0.981748,-0.835573,0.172034,-0.0459514
53.5673,481,1,20,0.785398,0.835573,-0.172034,0.0459514
53.6787,482,0,11,-0.981748,-0.816984,0.166917,-0.0471133
53.6787,482,1,20,0.785398,0.816984,-0.166917,0.0471133
53.79,483,0,11,-0.981748,-0.79898,0.16167,-0.0482385
53.79,483,1,20,0.785398,0.79898,-0.16167,0.0482385
53.9014,484,0,12,-0.785398,-0.781573,0.156298,-0.0493264
53.9014,484,1,19,0.589049,0.781573,-0.156298,0.0493264
54.0128,485,0,12,-0.785398,-0.764779,0.150805,-0.0503761
54.0128,485,1,19,0.589049,0.764779,-0.150805,0.0503761
54.1241,486,0,12,-0.785398,-0.748609,0.145194,-0.0513867
54.1241,486,1,19,0.589049,0.748609,-0.145194,0.0513867
54.2355,487,0,12,-0.785398,-0.733076,0.139472,-0.0523575
54.2355,487,1,19,0.589049,0.733076,-0.139472,0.0523575
54.3469,488,0,12,-0.785398,-0.718193,0.133641,-0.0532877
54.3469,488,1,19,0.589049,0.718193,-0.133641,0.0532877
54.4582,489,0,12,-0.785398,-0.703971,0.127706,-0.0541766
54.4582,489,1,19,0.589049,0.703971,-0.127706,0.0541766
54.5696,490,0,12,-0.785398,-0.690421,0.121673,-0.0550235
54.5696,490,1,19,0.589049,0.690421,-0.121673,0.0550235
54.681,491,0,12,-0.785398,-0.677553,0.115545,-0.0558277
54.681,491,1,19,0.589049,0.677553,-0.115545,0.0558277
54.7923,492,0,12,-0.785398,-0.665377,0.109328,-0.0565887
54.7923,492,1,19,0.589049,0.665377,-0.109328,0.0565887
54.9037,493,0,12,-0.785398,-0.653904,0.103026,-0.0573058
54.9037,493,1,19,0.589049,0.653904,-0.103026,0.0573058
55.0151,494,0,12,-0.785398,-0.643141,0.0966436,-0.0579785
55.0151,494,1,19,0.589049,0.643141,-0.0966436,0.0579785
55.1264,495,0,12,-0.785398,-0.633097,0.0901868,-0.0586062
55.1264,495,1,19,0.589049,0.633097,-0.0901868,0.0586062
55.2378,496,0,12,-0.785398,-0.62378,0.08366,-0.0591885
55.2378,496,1,19,0.589049,0.62378,-0.08366,0.0591885
55.3492,497,0,12,-0.785398,-0.615197,0.0770684,-0.0597249
55.3492,497,1,19,0.589049,0.615197,-0.0770684,0.0597249
55.4605,498,0,12,-0.785398,-0.607355,0.070417,-0.0602151
55.4605,498,1,19,0.589049,0.607355,-0.070417,0.0602151
55.5719,499,0,12,-0.785398,-0.60026,0.0637111,-0.0606585
55.5719,499,1,19,0.589049,0.60026,-0.0637111,0.0606585
