t,n,i,position,velocity,E_i
0,0,0,-1.5708,0.01,-0.000191748
0,0,1,1.5708,-0.01,0.00287621
0.111367,1,0,-1.56968,0.010032,-0.000191748
0.111367,1,1,1.56963,-0.0104805,0.00287621
0.222733,2,0,-1.56857,0.0100025,0.000265317
0.222733,2,1,1.5685,-0.010156,-0.00291341
0.3341,3,0,-1.56746,0.00996488,0.000337649
0.3341,3,1,1.5674,-0.00982744,-0.00295043
0.445466,4,0,-1.56635,0.00991937,0.000408698
0.445466,4,1,1.56635,-0.00949476,-0.00298724
0.556833,5,0,-1.56525,0.00986609,0.00047842
0.556833,5,1,1.56533,-0.009158,-0.00302383
0.668199,6,0,-1.56416,0.00980519,0.000546774
0.668199,6,1,1.56434,-0.0088172,-0.00306016
0.779566,7,0,-1.56308,0.00973685,0.000613717
0.779566,7,1,1.5634,-0.00847239,-0.0030962
0.890932,8,0,-1.562,0.00966121,0.000679206
0.890932,8,1,1.5625,-0.0081236,-0.00313193
1.0023,9,0,-1.56093,0.00957844,0.000743203
1.0023,9,1,1.56163,-0.00777086,-0.00316732
1.11367,10,0,-1.55988,0.00948871,0.000805665
1.11367,10,1,1.56081,-0.00741423,-0.00320235
1.22503,11,0,-1.55883,0.00939221,0.000866555
1.22503,11,1,1.56002,-0.00705374,-0.00323698
1.3364,12,0,-1.5578,0.0092891,0.000925833
1.3364,12,1,1.55927,-0.00668944,-0.0032712
1.44777,13,0,-1.55677,0.00917958,0.000983462
1.44777,13,1,1.55857,-0.00632137,-0.00330498
1.55913,14,0,-1.55576,0.00906382,0.00103941
1.55913,14,1,1.55791,-0.0059496,-0.00333831
1.6705,15,0,-1.55477,0.00894203,0.00109363
1.6705,15,1,1.55729,-0.00557416,-0.00337114
1.78186,16,0,-1.55379,0.00881439,0.00114609
1.78186,16,1,1.55671,-0.00519513,-0.00340348
1.89323,17,0,-1.55282,0.00868111,0.00119676
1.89323,17,1,1.55617,-0.00481255,-0.00343528
2.0046,18,0,-1.55187,0.00854239,0.00124561
2.0046,18,1,1.55568,-0.0044265,-0.00346654
2.11596,19,0,-1.55093,0.00839844,0.00129261
2.11596,19,1,1.55523,-0.00403702,-0.00349723
2.22733,20,0,-1.55001,0.00824946,0.00133771
2.22733,20,1,1.55482,-0.0036442,-0.00352734
2.3387,21,0,-1.54911,0.00809568,0.0013809
2.3387,21,1,1.55446,-0.00324808,-0.00355684
2.45006,22,0,-1.54823,0.0079373,0.00142214
2.45006,22,1,1.55415,-0.00284875,-0.00358572
2.56143,23,0,-1.54736,0.00777455,0.0014614
2.56143,23,1,1.55387,-0.00244628,-0.00361397
2.6728,24,0,-1.54652,0.00760765,0.00149866
2.6728,24,1,1.55365,-0.00204073,-0.00364156
2.78416,25,0,-1.54569,0.00743682,0.0015339
2.78416,25,1,1.55346,-0.00163218,-0.00366848
2.89553,26,0,-1.54488,0.0072623,0.00156707
2.89553,26,1,1.55333,-0.00122072,-0.00369471
3.0069,27,0,-1.54409,0.00708432,0.00159818
3.0069,27,1,1.55324,-0.000806405,-0.00372025
3.11826,28,0,-1.54332,0.00690311,0.00162718
3.11826,28,1,1.55319,-0.000389328,-0.00374508
3.22963,29,0,-1.54257,0.0067189,0.00165406
3.22963,29,1,1.5532,3.04343e-05,-0.00376919
3.341,30,0,-1.54185,0.00653194,0.0016788
3.341,30,1,1.55325,0.0004528,-0.00379257
3.45236,31,0,-1.54114,0.00634246,0.00170138
3.45236,31,1,1.55335,0.000877686,-0.0038152
3.56373,32,0,-1.54045,0.00615071,0.00172177
3.56373,32,1,1.55349,0.00130501,-0.00383708
3.6751,33,0,-1.53979,0.00595694,0.00173998
3.6751,33,1,1.55368,0.00173468,-0.00385821
3.78646,34,0,-1.53915,0.00576138,0.00175597
3.78646,34,1,1.55393,0.00216663,-0.00387856
3.89783,35,0,-1.53853,0.00556429,0.00176973
3.89783,35,1,1.55422,0.00260075,-0.00389814
4.0092,36,0,-1.53793,0.00536592,0.00178125
4.0092,36,1,1.55455,0.00303696,-0.00391694
4.12056,37,0,-1.53736,0.00516652,0.00179053
4.12056,37,1,1.55494,0.00347519,-0.00393495
4.23193,38,0,-1.5368,0.00496633,0.00179754
4.23193,38,1,1.55538,0.00391533,-0.00395218
4.3433,39,0,-1.53627,0.00476562,0.00180227
4.3433,39,1,1.55586,0.0043573,-0.00396861
4.45466,40,0,-1.53576,0.00456463,0.00180473
4.45466,40,1,1.5564,0.00480101,-0.00398425
4.56603,41,0,-1.53528,0.00436362,0.0018049
4.56603,41,1,1.55698,0.00524637,-0.00399909
4.6774,42,0,-1.53481,0.00416286,0.00180278
4.6774,42,1,1.55762,0.0056933,-0.00401313
4.78876,43,0,-1.53437,0.00396258,0.00179836
4.78876,43,1,1.5583,0.00614171,-0.00402638
4.90013,44,0,-1.53395,0.00376305,0.00179164
4.90013,44,1,1.55903,0.0065915,-0.00403884
5.0115,45,0,-1.53356,0.00356453,0.00178261
5.0115,45,1,1.55982,0.00704259,-0.0040505
5.12286,46,0,-1.53318,0.00336727,0.00177128
5.12286,46,1,1.56065,0.00749489,-0.00406137
5.23423,47,0,-1.53283,0.00317152,0.00175765
5.23423,47,1,1.56154,0.00794831,-0.00407146
5.34559,48,0,-1.5325,0.00297755,0.00174172
5.34559,48,1,1.56247,0.00840278,-0.00408077
5.45696,49,0,-1.53219,0.00278561,0.00172348
5.45696,49,1,1.56346,0.00885819,-0.00408931
5.56833,50,0,-1.5319,0.00259596,0.00170295
5.56833,50,1,1.5645,0.00931447,-0.00409707
5.67969,51,0,-1.53163,0.00240885,0.00168014
5.67969,51,1,1.56559,0.00977152,-0.00410408
5.79106,52,0,-1.53138,0.00222454,0.00165504
5.79106,52,1,1.56672,0.0102293,-0.00411034
5.90243,53,0,-1.53115,0.00204327,0.00162766
5.90243,53,1,1.56791,0.0106876,-0.00411586
6.01379,54,0,-1.53095,0.0018653,0.00159802
6.01379,54,1,1.56916,0.0111465,-0.00412064
6.12516,55,0,-1.53076,0.00169089,0.00156613
6.12516,55,1,1.57045,0.0116059,-0.00412471
6.23653,56,0,-1.53059,0.00152028,0.00153199
6.23653,56,1,1.57179,0.0120656,-0.00412807
6.34789,57,0,-1.53043,0.00139642,0.00111213
6.34789,57,1,1.57312,0.011885,0.00162169
6.45926,58,0,-1.53029,0.0012766,0.00107593
6.45926,58,1,1.57442,0.0117047,0.00161942
6.57063,59,0,-1.53016,0.00116079,0.00103991
6.57063,59,1,1.5757,0.0115245,0.00161752
6.68199,60,0,-1.53005,0.00104896,0.0010041
6.68199,60,1,1.57697,0.0113446,0.00161599
6.79336,61,0,-1.52994,0.000941107,0.000968494
6.79336,61,1,1.57821,0.0111647,0.0016148
6.90473,62,0,-1.52985,0.000837189,0.000933119
6.90473,62,1,1.57943,0.010985,0.00161396
7.01609,63,0,-1.52977,0.000737183,0.000897984
7.01609,63,1,1.58064,0.0108053,0.00161343
7.12746,64,0,-1.52969,0.000641062,0.000863106
7.12746,64,1,1.58182,0.0106257,0.00161322
7.23883,65,0,-1.52963,0.000548795,0.000828497
7.23883,65,1,1.58298,0.010446,0.0016133
7.35019,66,0,-1.52958,0.000460351,0.000794172
7.35019,66,1,1.58413,0.0102663,0.00161366
7.46156,67,0,-1.52954,0.000375697,0.000760145
7.46156,67,1,1.58525,0.0100865,0.00161429
7.57293,68,0,-1.52951,0.000294796,0.000726431
7.57293,68,1,1.58635,0.00990663,0.00161518
7.68429,69,0,-1.52948,0.000217614,0.000693044
7.68429,69,1,1.58744,0.00972663,0.00161631
7.79566,70,0,-1.52947,0.000144113,0.000659998
7.79566,70,1,1.5885,0.00954647,0.00161766
7.90703,71,0,-1.52946,7.42517e-05,0.000627307
7.90703,71,1,1.58954,0.00936614,0.00161924
8.01839,72,0,-1.52946,7.99018e-06,0.000594986
8.01839,72,1,1.59057,0.00918562,0.00162102
8.12976,73,0,-1.52946,-5.47145e-05,0.000563048
8.12976,73,1,1.59157,0.00900487,0.00162299
8.24113,74,0,-1.52948,-0.000113907,0.000531506
8.24113,74,1,1.59255,0.00882388,0.00162514
8.35249,75,0,-1.5295,-0.000169632,0.000500376
8.35249,75,1,1.59351,0.00864264,0.00162745
8.46386,76,0,-1.52952,-0.000221937,0.000469671
8.46386,76,1,1.59446,0.00846112,0.00162992
8.57523,77,0,-1.52955,-0.000270872,0.000439404
8.57523,77,1,1.59538,0.00827931,0.00163254
8.68659,78,0,-1.52959,-0.000316487,0.000409589
8.68659,78,1,1.59628,0.0080972,0.00163528
8.79796,79,0,-1.52963,-0.000358833,0.000380238
8.79796,79,1,1.59716,0.00791476,0.00163814
8.90932,80,0,-1.52967,-0.000397963,0.000351366
8.90932,80,1,1.59802,0.007732,0.00164111
9.02069,81,0,-1.52972,-0.000433933,0.000322986
9.02069,81,1,1.59886,0.00754889,0.00164418
9.13206,82,0,-1.52977,-0.000466798,0.00029511
9.13206,82,1,1.59968,0.00736543,0.00164733
9.24342,83,0,-1.52983,-0.000496617,0.00026775
9.24342,83,1,1.60048,0.00718162,0.00165056
9.35479,84,0,-1.52988,-0.000523447,0.000240921
9.35479,84,1,1.60126,0.00699743,0.00165385
9.46616,85,0,-1.52994,-0.00054735,0.000214633
9.46616,85,1,1.60202,0.00681288,0.00165719
9.57752,86,0,-1.53001,-0.000568387,0.000188898
9.57752,86,1,1.60276,0.00662794,0.00166058
9.68889,87,0,-1.53007,-0.000586621,0.00016373
9.68889,87,1,1.60348,0.00644263,0.001664
9.80026,88,0,-1.53014,-0.000602117,0.000139139
9.80026,88,1,1.60417,0.00625693,0.00166744
9.91162,89,0,-1.53021,-0.000614939,0.000115137
9.91162,89,1,1.60485,0.00607085,0.0016709
10.023,90,0,-1.53028,-0.000625155,9.17356e-05
10.023,90,1,1.6055,0.00588438,0.00167436
10.1344,91,0,-1.53035,-0.000632833,6.89451e-05
10.1344,91,1,1.60614,0.00569753,0.00167781
10.2457,92,0,-1.53042,-0.000638043,4.67765e-05
10.2457,92,1,1.60675,0.00551029,0.00168126
10.3571,93,0,-1.53049,-0.000640854,2.52403e-05
10.3571,93,1,1.60735,0.00532268,0.00168468
10.4685,94,0,-1.53056,-0.000641338,4.34656e-06
10.4685,94,1,1.60792,0.00513468,0.00168806
10.5798,95,0,-1.53063,-0.000639568,-1.58947e-05
10.5798,95,1,1.60847,0.00494632,0.00169141
10.6912,96,0,-1.5307,-0.000635617,-3.54738e-05
10.6912,96,1,1.609,0.00475758,0.00169471
10.8026,97,0,-1.53077,-0.000629561,-5.43815e-05
10.8026,97,1,1.60951,0.00456849,0.00169796
10.9139,98,0,-1.53084,-0.000621475,-7.26087e-05
10.9139,98,1,1.60999,0.00437904,0.00170115
11.0253,99,0,-1.53091,-0.000611435,-9.01467e-05
11.0253,99,1,1.61046,0.00418924,0.00170426
11.1367,100,0,-1.53098,-0.00059952,-0.000106987
11.1367,100,1,1.61091,0.0039991,0.0017073
11.248,101,0,-1.53104,-0.000585809,-0.000123122
11.248,101,1,1.61133,0.00380864,0.00171026
11.3594,102,0,-1.53111,-0.00057038,-0.000138543
11.3594,102,1,1.61173,0.00361785,0.00171312
11.4708,103,0,-1.53117,-0.000553314,-0.000153243
11.4708,103,1,1.61212,0.00342676,0.0017159
11.5821,104,0,-1.53123,-0.000534692,-0.000167214
11.5821,104,1,1.61248,0.00323537,0.00171857
11.6935,105,0,-1.53129,-0.000514595,-0.000180451
11.6935,105,1,1.61281,0.00304369,0.00172113
11.8049,106,0,-1.53134,-0.000493108,-0.000192947
11.8049,106,1,1.61313,0.00285174,0.00172358
11.9162,107,0,-1.53139,-0.000470311,-0.000204695
11.9162,107,1,1.61343,0.00265953,0.00172592
12.0276,108,0,-1.53144,-0.000446291,-0.00021569
12.0276,108,1,1.6137,0.00246708,0.00172814
12.139,109,0,-1.53149,-0.00042113,-0.000225926
12.139,109,1,1.61396,0.00227439,0.00173023
12.2503,110,0,-1.53153,-0.000394915,-0.000235398
12.2503,110,1,1.61419,0.00208148,0.00173219
12.3617,111,0,-1.53157,-0.00036773,-0.000244103
12.3617,111,1,1.6144,0.00188837,0.00173401
12.4731,112,0,-1.53161,-0.000339662,-0.000252034
12.4731,112,1,1.61459,0.00169507,0.0017357
12.5844,113,0,-1.53165,-0.000310797,-0.000259189
12.5844,113,1,1.61475,0.0015016,0.00173725
12.6958,114,0,-1.53168,-0.000281222,-0.000265565
12.6958,114,1,1.6149,0.00130797,0.00173866
12.8072,115,0,-1.53171,-0.000251024,-0.000271156
12.8072,115,1,1.61502,0.0011142,0.00173993
12.9185,116,0,-1.53173,-0.000220291,-0.000275962
12.9185,116,1,1.61513,0.000920305,0.00174104
13.0299,117,0,-1.53175,-0.000189111,-0.00027998
13.0299,117,1,1.61521,0.000726304,0.00174201
13.1413,118,0,-1.53177,-0.000157571,-0.000283207
13.1413,118,1,1.61527,0.000532211,0.00174282
13.2526,119,0,-1.53178,-0.00012576,-0.000285642
13.2526,119,1,1.6153,0.000338045,0.00174349
13.364,120,0,-1.53179,-9.37661e-05,-0.000287283
13.364,120,1,1.61532,0.000143822,0.001744
13.4754,121,0,-1.5318,-6.1678e-05,-0.00028813
13.4754,121,1,1.61531,-5.04414e-05,0.00174436
13.5867,122,0,-1.5318,-2.95841e-05,-0.000288183
13.5867,122,1,1.61529,-0.000244727,0.00174456
13.6981,123,0,-1.5318,2.42713e-06,-0.00028744
13.6981,123,1,1.61524,-0.000439019,0.00174461
13.8095,124,0,-1.5318,3.42672e-05,-0.000285904
13.8095,124,1,1.61517,-0.000633298,0.00174451
13.9208,125,0,-1.53179,6.58478e-05,-0.000283573
13.9208,125,1,1.61508,-0.000827549,0.00174425
14.0322,126,0,-1.53178,9.70805e-05,-0.000280449
14.0322,126,1,1.61496,-0.00102175,0.00174384
14.1436,127,0,-1.53177,0.000127877,-0.000276534
14.1436,127,1,1.61483,-0.0012159,0.00174328
14.2549,128,0,-1.53175,0.00015815,-0.00027183
14.2549,128,1,1.61467,-0.00140996,0.00174257
14.3663,129,0,-1.53173,0.000187811,-0.000266338
14.3663,129,1,1.61449,-0.00160393,0.00174171
14.4777,130,0,-1.53171,0.000216773,-0.000260062
14.4777,130,1,1.61429,-0.00179779,0.00174071
14.589,131,0,-1.53168,0.000244949,-0.000253004
14.589,131,1,1.61407,-0.00199152,0.00173957
14.7004,132,0,-1.53165,0.000272253,-0.000245167
14.7004,132,1,1.61383,-0.0021851,0.00173828
14.8118,133,0,-1.53161,0.000298597,-0.000236556
14.8118,133,1,1.61356,-0.00237853,0.00173686
14.9231,134,0,-1.53158,0.000323897,-0.000227174
14.9231,134,1,1.61327,-0.00257179,0.0017353
15.0345,135,0,-1.53154,0.000348066,-0.000217026
15.0345,135,1,1.61297,-0.00276485,0.00173361
15.1459,136,0,-1.5315,0.000371021,-0.000206116
15.1459,136,1,1.61264,-0.00295772,0.0017318
15.2572,137,0,-1.53145,0.000392676,-0.000194451
15.2572,137,1,1.61229,-0.00315037,0.00172987
15.3686,138,0,-1.53141,0.000412949,-0.000182035
15.3686,138,1,1.61191,-0.00334279,0.00172782
15.48,139,0,-1.53136,0.000431756,-0.000168875
15.48,139,1,1.61152,-0.00353497,0.00172565
15.5913,140,0,-1.53131,0.000449015,-0.000154976
15.5913,140,1,1.61111,-0.00372689,0.00172338
15.7027,141,0,-1.53126,0.000464644,-0.000140345
15.7027,141,1,1.61067,-0.00391856,0.00172101
15.8141,142,0,-1.53121,0.000478564,-0.000124989
15.8141,142,1,1.61021,-0.00410994,0.00171854
15.9254,143,0,-1.53115,0.000490694,-0.000108916
15.9254,143,1,1.60973,-0.00430105,0.00171598
16.0368,144,0,-1.53109,0.000500954,-9.21334e-05
16.0368,144,1,1.60923,-0.00449186,0.00171333
16.1482,145,0,-1.53104,0.000509268,-7.46484e-05
16.1482,145,1,1.60871,-0.00468236,0.00171061
16.2595,146,0,-1.53098,0.000515556,-5.64697e-05
16.2595,146,1,1.60817,-0.00487255,0.00170782
16.3709,147,0,-1.53092,0.000519744,-3.76058e-05
16.3709,147,1,1.6076,-0.00506243,0.00170497
16.4823,148,0,-1.53086,0.000521756,-1.80657e-05
16.4823,148,1,1.60702,-0.00525198,0.00170206
16.5936,149,0,-1.53081,0.000521518,2.14162e-06
16.5936,149,1,1.60641,-0.00544121,0.0016991
16.705,150,0,-1.53075,0.000518956,2.30066e-05
16.705,150,1,1.60579,-0.0056301,0.0016961
16.8164,151,0,-1.53069,0.000513998,4.45194e-05
16.8164,151,1,1.60514,-0.00581865,0.00169307
16.9277,152,0,-1.53064,0.000506573,6.66701e-05
16.9277,152,1,1.60447,-0.00600686,0.00169002
17.0391,153,0,-1.53058,0.000496611,8.94484e-05
17.0391,153,1,1.60378,-0.00619473,0.00168695
17.1505,154,0,-1.53053,0.000484044,0.000112844
17.1505,154,1,1.60307,-0.00638226,0.00168387
17.2618,155,0,-1.53047,0.000468804,0.000136845
17.2618,155,1,1.60234,-0.00656944,0.0016808
17.3732,156,0,-1.53042,0.000450825,0.000161442
17.3732,156,1,1.60158,-0.00675628,0.00167774
17.4845,157,0,-1.53038,0.000430042,0.000186622
17.4845,157,1,1.60081,-0.00694279,0.0016747
17.5959,158,0,-1.53033,0.00040639,0.000212374
17.5959,158,1,1.60002,-0.00712896,0.00167169
17.7073,159,0,-1.53029,0.000379809,0.000238687
17.7073,159,1,1.5992,-0.0073148,0.00166873
17.8186,160,0,-1.53025,0.000350235,0.000265549
17.8186,160,1,1.59837,-0.00750032,0.00166582
17.93,161,0,-1.53021,0.000317611,0.000292946
17.93,161,1,1.59751,-0.00768552,0.00166296
18.0414,162,0,-1.53018,0.000281877,0.000320868
18.0414,162,1,1.59664,-0.0078704,0.00166019
18.1527,163,0,-1.53016,0.000242976,0.000349301
18.1527,163,1,1.59574,-0.00805499,0.0016575
18.2641,164,0,-1.53013,0.000200854,0.000378232
18.2641,164,1,1.59482,-0.00823929,0.0016549
18.3755,165,0,-1.53012,0.000155456,0.00040765
18.3755,165,1,1.59388,-0.00842332,0.00165241
18.4868,166,0,-1.5301,0.000106728,0.000437539
18.4868,166,1,1.59292,-0.00860708,0.00165003
18.5982,167,0,-1.5301,5.46212e-05,0.000467888
18.5982,167,1,1.59194,-0.00879058,0.00164779
18.7096,168,0,-1.5301,-9.15483e-07,0.000498683
18.7096,168,1,1.59095,-0.00897386,0.00164569
18.8209,169,0,-1.5301,-5.99298e-05,0.000529911
18.8209,169,1,1.58993,-0.00915692,0.00164374
18.9323,170,0,-1.53012,-0.000122469,0.000561557
18.9323,170,1,1.58889,-0.00933978,0.00164196
19.0437,171,0,-1.53014,-0.000188577,0.000593609
19.0437,171,1,1.58783,-0.00952246,0.00164035
19.155,172,0,-1.53017,-0.000258298,0.000626051
19.155,172,1,1.58674,-0.00970498,0.00163894
19.2664,173,0,-1.5302,-0.000331674,0.000658872
19.2664,173,1,1.58564,-0.00988737,0.00163772
19.3778,174,0,-1.53025,-0.000408746,0.000692055
19.3778,174,1,1.58452,-0.0100696,0.00163673
19.4891,175,0,-1.5303,-0.000489552,0.000725588
19.4891,175,1,1.58338,-0.0102518,0.00163596
19.6005,176,0,-1.53037,-0.00057413,0.000759457
19.6005,176,1,1.58222,-0.010434,0.00163543
19.7119,177,0,-1.53044,-0.000662516,0.000793646
19.7119,177,1,1.58104,-0.0106161,0.00163516
19.8232,178,0,-1.53053,-0.000754743,0.000828142
19.8232,178,1,1.57983,-0.0107982,0.00163516
19.9346,179,0,-1.53062,-0.000850845,0.000862931
19.9346,179,1,1.57861,-0.0109803,0.00163544
20.046,180,0,-1.53073,-0.000950852,0.000897999
20.046,180,1,1.57737,-0.0111625,0.00163601
20.1573,181,0,-1.53084,-0.00105479,0.000933331
20.1573,181,1,1.5761,-0.0113448,0.00163689
20.2687,182,0,-1.53097,-0.0011627,0.000968912
20.2687,182,1,1.57482,-0.0115272,0.00163809
20.3801,183,0,-1.53112,-0.00127459,0.00100473
20.3801,183,1,1.57352,-0.0117098,0.00163963
20.4914,184,0,-1.53127,-0.0013905,0.00104077
20.4914,184,1,1.57219,-0.0118926,0.00164152
20.6028,185,0,-1.53144,-0.00151044,0.00107702
20.6028,185,1,1.57085,-0.0120757,0.00164377
20.7142,186,0,-1.53162,-0.00163444,0.00111346
20.7142,186,1,1.56948,-0.012259,0.0016464
20.8255,187,0,-1.53182,-0.00180523,0.00153357
20.8255,187,1,1.56817,-0.0118021,-0.004103
20.9369,188,0,-1.53204,-0.00197985,0.00156797
20.9369,188,1,1.5669,-0.0113456,-0.00409929
21.0483,189,0,-1.53228,-0.00215805,0.00160014
21.0483,189,1,1.56569,-0.0108896,-0.00409486
21.1596,190,0,-1.53254,-0.00233959,0.00163005
21.1596,190,1,1.56453,-0.0104341,-0.00408972
21.271,191,0,-1.53282,-0.0025242,0.00165772
21.271,191,1,1.56342,-0.0099793,-0.00408385
21.3824,192,0,-1.53313,-0.00271164,0.00168311
21.3824,192,1,1.56236,-0.00952523,-0.00407724
21.4937,193,0,-1.53345,-0.00290166,0.00170623
21.4937,193,1,1.56135,-0.00907198,-0.00406987
21.6051,194,0,-1.53379,-0.003094,0.00172708
21.6051,194,1,1.56039,-0.00861964,-0.00406175
21.7165,195,0,-1.53416,-0.00328841,0.00174563
21.7165,195,1,1.55948,-0.00816828,-0.00405285
21.8278,196,0,-1.53455,-0.00348462,0.0017619
21.8278,196,1,1.55862,-0.00771801,-0.00404319
21.9392,197,0,-1.53496,-0.0036824,0.00177588
21.9392,197,1,1.55781,-0.0072689,-0.00403274
22.0506,198,0,-1.53539,-0.00388147,0.00178756
22.0506,198,1,1.55705,-0.00682104,-0.0040215
22.1619,199,0,-1.53585,-0.00408159,0.00179694
22.1619,199,1,1.55634,-0.00637451,-0.00400948
22.2733,200,0,-1.53632,-0.0042825,0.00180404
22.2733,200,1,1.55568,-0.00592942,-0.00399666
22.3847,201,0,-1.53682,-0.00448394,0.00180884
22.3847,201,1,1.55507,-0.00548584,-0.00398305
22.496,202,0,-1.53734,-0.00468567,0.00181135
22.496,202,1,1.55451,-0.00504387,-0.00396863
22.6074,203,0,-1.53789,-0.00488741,0.00181158
22.6074,203,1,1.55399,-0.00460359,-0.00395342
22.7188,204,0,-1.53845,-0.00508894,0.00180952
22.7188,204,1,1.55353,-0.00416509,-0.00393742
22.8301,205,0,-1.53904,-0.00528997,0.0018052
22.8301,205,1,1.55311,-0.00372847,-0.00392061
22.9415,206,0,-1.53966,-0.00549028,0.00179862
22.9415,206,1,1.55275,-0.0032938,-0.00390301
23.0529,207,0,-1.54029,-0.0056896,0.00178978
23.0529,207,1,1.55243,-0.00286119,-0.00388462
23.1642,208,0,-1.54094,-0.00588769,0.0017787
23.1642,208,1,1.55216,-0.00243071,-0.00386544
23.2756,209,0,-1.54162,-0.00608429,0.00176539
23.2756,209,1,1.55193,-0.00200245,-0.00384548
23.387,210,0,-1.54232,-0.00627917,0.00174986
23.387,210,1,1.55176,-0.0015765,-0.00382474
23.4983,211,0,-1.54304,-0.00647207,0.00173213
23.4983,211,1,1.55163,-0.00115295,-0.00380323
23.6097,212,0,-1.54378,-0.00666275,0.00171221
23.6097,212,1,1.55155,-0.000731874,-0.00378096
23.7211,213,0,-1.54455,-0.00685098,0.00169012
23.7211,213,1,1.55151,-0.000313366,-0.00375793
23.8324,214,0,-1.54533,-0.0070365,0.00166587
23.8324,214,1,1.55153,0.000102494,-0.00373416
23.9438,215,0,-1.54613,-0.00721908,0.0016395
23.9438,215,1,1.55158,0.000515624,-0.00370964
24.0552,216,0,-1.54696,-0.0073985,0.00161101
24.0552,216,1,1.55169,0.000925944,-0.00368441
24.1665,217,0,-1.5478,-0.0075745,0.00158043
24.1665,217,1,1.55183,0.00133337,-0.00365846
24.2779,218,0,-1.54867,-0.00774687,0.00154778
24.2779,218,1,1.55203,0.00173784,-0.00363181
24.3893,219,0,-1.54955,-0.00791538,0.00151309
24.3893,219,1,1.55227,0.00213925,-0.00360447
24.5006,220,0,-1.55045,-0.0080798,0.00147637
24.5006,220,1,1.55255,0.00253755,-0.00357646
24.612,221,0,-1.55136,-0.00823991,0.00143766
24.612,221,1,1.55288,0.00293266,-0.00354779
24.7234,222,0,-1.5523,-0.00839549,0.00139699
24.7234,222,1,1.55325,0.0033245,-0.00351847
24.8347,223,0,-1.55325,-0.00854632,0.00135438
24.8347,223,1,1.55366,0.003713,-0.00348853
24.9461,224,0,-1.55422,-0.00869219,0.00130985
24.9461,224,1,1.55412,0.0040981,-0.00345798
25.0575,225,0,-1.5552,-0.0088329,0.00126345
25.0575,225,1,1.55461,0.00447974,-0.00342684
25.1688,226,0,-1.5562,-0.00896823,0.0012152
25.1688,226,1,1.55516,0.00485784,-0.00339512
25.2802,227,0,-1.55721,-0.00909799,0.00116513
25.2802,227,1,1.55574,0.00523235,-0.00336285
25.3916,228,0,-1.55824,-0.00922197,0.00111328
25.3916,228,1,1.55636,0.00560321,-0.00333005
25.5029,229,0,-1.55928,-0.00933998,0.00105968
25.5029,229,1,1.55703,0.00597036,-0.00329674
25.6143,230,0,-1.56033,-0.00945183,0.00100436
25.6143,230,1,1.55773,0.00633374,-0.00326294
25.7257,231,0,-1.5614,-0.00955734,0.000947368
25.7257,231,1,1.55848,0.0066933,-0.00322867
25.837,232,0,-1.56247,-0.00965631,0.000888734
25.837,232,1,1.55926,0.007049,-0.00319395
25.9484,233,0,-1.56356,-0.00974858,0.000828496
25.9484,233,1,1.56009,0.00740079,-0.00315881
26.0598,234,0,-1.56465,-0.00983396,0.000766692
26.0598,234,1,1.56095,0.00774862,-0.00312327
26.1711,235,0,-1.56576,-0.00991229,0.000703362
26.1711,235,1,1.56185,0.00809245,-0.00308736
26.2825,236,0,-1.56687,-0.00998341,0.000638546
26.2825,236,1,1.56279,0.00843224,-0.00305111
26.3939,237,0,-1.56799,-0.0100471,0.000572284
26.3939,237,1,1.56377,0.00876795,-0.00301453
26.5052,238,0,-1.56911,-0.0101033,0.000504618
26.5052,238,1,1.56478,0.00909956,-0.00297765
26.6166,239,0,-1.57025,-0.0101518,0.00043559
26.6166,239,1,1.56583,0.00942704,-0.00294051
26.728,240,0,-1.57138,-0.0101925,0.000365244
26.728,240,1,1.56692,0.00975035,-0.00290313
26.8393,241,0,-1.57252,-0.0102252,0.000293621
26.8393,241,1,1.56804,0.0100695,-0.00286554
26.9507,242,0,-1.57366,-0.0102498,0.000220768
26.9507,242,1,1.56919,0.0103844,-0.00282776
27.0621,243,0,-1.5748,-0.0102661,0.000146727
27.0621,243,1,1.57038,0.0106951,-0.00278983
27.1734,244,0,-1.57595,-0.0102741,7.15444e-05
27.1734,244,1,1.57161,0.0110015,-0.00275178
27.2848,245,0,-1.57709,-0.0102309,-0.000388229
27.2848,245,1,1.5728,0.0106631,0.0030388
27.3962,246,0,-1.57822,-0.0101793,-0.00046317
27.3962,246,1,1.57395,0.0103205,0.00307672
27.5075,247,0,-1.57935,-0.0101195,-0.000536727
27.5075,247,1,1.57506,0.00997364,0.0031144
27.6189,248,0,-1.58047,-0.0100517,-0.000608857
27.6189,248,1,1.57613,0.00962264,0.00315178
27.7303,249,0,-1.58158,-0.00997605,-0.000679514
27.7303,249,1,1.57716,0.0092675,0.00318886
27.8416,250,0,-1.58268,-0.00989267,-0.000748656
27.8416,250,1,1.57815,0.00890828,0.00322559
27.953,251,0,-1.58377,-0.00980177,-0.000816239
27.953,251,1,1.5791,0.00854501,0.00326196
28.0644,252,0,-1.58485,-0.00970352,-0.000882221
28.0644,252,1,1.58002,0.00817773,0.00329793
28.1757,253,0,-1.58592,-0.0095981,-0.000946562
28.1757,253,1,1.58089,0.00780649,0.00333348
28.2871,254,0,-1.58698,-0.00948571,-0.00100922
28.2871,254,1,1.58171,0.00743134,0.00336858
28.3985,255,0,-1.58802,-0.00936653,-0.00107016
28.3985,255,1,1.5825,0.00705234,0.00340321
28.5098,256,0,-1.58905,-0.00924076,-0.00112934
28.5098,256,1,1.58324,0.00666954,0.00343734
28.6212,257,0,-1.59006,-0.0091086,-0.00118672
28.6212,257,1,1.58394,0.00628299,0.00347095
28.7326,258,0,-1.59106,-0.00897025,-0.00124227
28.7326,258,1,1.5846,0.00589276,0.00350402
28.8439,259,0,-1.59205,-0.00882593,-0.00129594
28.8439,259,1,1.58521,0.00549891,0.00353652
28.9553,260,0,-1.59301,-0.00867584,-0.00134772
28.9553,260,1,1.58578,0.00510151,0.00356843
29.0667,261,0,-1.59396,-0.0085202,-0.00139755
29.0667,261,1,1.5863,0.00470062,0.00359973
29.178,262,0,-1.59489,-0.00835922,-0.00144542
29.178,262,1,1.58678,0.00429631,0.00363041
29.2894,263,0,-1.5958,-0.00819315,-0.00149128
29.2894,263,1,1.58721,0.00388866,0.00366043
29.4008,264,0,-1.5967,-0.00802219,-0.00153511
29.4008,264,1,1.5876,0.00347774,0.00368979
29.5121,265,0,-1.59757,-0.00784658,-0.00157687
29.5121,265,1,1.58794,0.00306363,0.00371847
29.6235,266,0,-1.59843,-0.00766655,-0.00161655
29.6235,266,1,1.58824,0.0026464,0.00374644
29.7349,267,0,-1.59926,-0.00748233,-0.00165411
29.7349,267,1,1.58848,0.00222614,0.0037737
29.8462,268,0,-1.60007,-0.00729418,-0.00168952
29.8462,268,1,1.58868,0.00180292,0.00380022
29.9576,269,0,-1.60086,-0.00710232,-0.00172277
29.9576,269,1,1.58884,0.00137683,0.003826
30.069,270,0,-1.60163,-0.006907,-0.00175382
30.069,270,1,1.58894,0.000947954,0.00385102
30.1803,271,0,-1.60238,-0.00670847,-0.00178266
30.1803,271,1,1.589,0.00051638,0.00387526
30.2917,272,0,-1.6031,-0.00650698,-0.00180927
30.2917,272,1,1.58901,8.21928e-05,0.00389872
30.4031,273,0,-1.60381,-0.00630278,-0.00183361
30.4031,273,1,1.58897,-0.000354518,0.00392138
30.5144,274,0,-1.60448,-0.00609611,-0.00185569
30.5144,274,1,1.58888,-0.000793663,0.00394324
30.6258,275,0,-1.60514,-0.00588725,-0.00187547
30.6258,275,1,1.58874,-0.00123515,0.00396428
30.7372,276,0,-1.60577,-0.00567644,-0.00189294
30.7372,276,1,1.58856,-0.00167889,0.0039845
30.8485,277,0,-1.60638,-0.00546394,-0.00190808
30.8485,277,1,1.58832,-0.00212479,0.00400389
30.9599,278,0,-1.60697,-0.00525002,-0.00192089
30.9599,278,1,1.58803,-0.00257276,0.00402245
31.0713,279,0,-1.60753,-0.00503493,-0.00193135
31.0713,279,1,1.5877,-0.0030227,0.00404016
31.1826,280,0,-1.60806,-0.00481894,-0.00193945
31.1826,280,1,1.58731,-0.00347451,0.00405703
31.294,281,0,-1.60858,-0.00460231,-0.00194518
31.294,281,1,1.58687,-0.00392812,0.00407304
31.4054,282,0,-1.60906,-0.00438531,-0.00194853
31.4054,282,1,1.58639,-0.0043834,0.0040882
31.5167,283,0,-1.60953,-0.00416821,-0.00194949
31.5167,283,1,1.58585,-0.00484029,0.00410251
31.6281,284,0,-1.60997,-0.00395126,-0.00194805
31.6281,284,1,1.58526,-0.00529867,0.00411596
31.7395,285,0,-1.61038,-0.00373474,-0.00194422
31.7395,285,1,1.58461,-0.00575845,0.00412856
31.8508,286,0,-1.61078,-0.00351891,-0.00193799
31.8508,286,1,1.58392,-0.00621954,0.00414031
31.9622,287,0,-1.61114,-0.00330404,-0.00192936
31.9622,287,1,1.58318,-0.00668185,0.0041512
32.0736,288,0,-1.61149,-0.00309041,-0.00191832
32.0736,288,1,1.58238,-0.00714527,0.00416125
32.1849,289,0,-1.61181,-0.00287827,-0.00190488
32.1849,289,1,1.58153,-0.00760972,0.00417045
32.2963,290,0,-1.61211,-0.00266789,-0.00188904
32.2963,290,1,1.58064,-0.0080751,0.00417881
32.4077,291,0,-1.61238,-0.00245954,-0.0018708
32.4077,291,1,1.57968,-0.00854132,0.00418634
32.519,292,0,-1.61263,-0.0022535,-0.00185017
32.519,292,1,1.57868,-0.00900828,0.00419304
32.6304,293,0,-1.61286,-0.00205001,-0.00182716
32.6304,293,1,1.57763,-0.0094759,0.00419892
32.7418,294,0,-1.61306,-0.00184936,-0.00180176
32.7418,294,1,1.57652,-0.00994409,0.004204
32.8531,295,0,-1.61325,-0.00165179,-0.00177399
32.8531,295,1,1.57536,-0.0104127,0.00420827
32.9645,296,0,-1.61341,-0.00145759,-0.00174386
32.9645,296,1,1.57415,-0.0108818,0.00421175
33.0759,297,0,-1.61355,-0.001267,-0.00171138
33.0759,297,1,1.57288,-0.0113511,0.00421446
33.1872,298,0,-1.61367,-0.00108028,-0.00167656
33.1872,298,1,1.57157,-0.0118207,0.0042164
33.2986,299,0,-1.61377,-0.000897708,-0.00163941
33.2986,299,1,1.5702,-0.0122904,0.00421759
33.41,300,0,-1.61386,-0.000762234,-0.00121647
33.41,300,1,1.56885,-0.0121195,-0.00153439
33.5213,301,0,-1.61393,-0.000631144,-0.00117711
33.5213,301,1,1.56752,-0.0119487,-0.00153437
33.6327,302,0,-1.61398,-0.000504425,-0.00113786
33.6327,302,1,1.56621,-0.0117777,-0.00153477
33.7441,303,0,-1.61403,-0.000382063,-0.00109873
33.7441,303,1,1.56491,-0.0116067,-0.00153558
33.8554,304,0,-1.61406,-0.000264042,-0.00105975
33.8554,304,1,1.56364,-0.0114356,-0.00153678
33.9668,305,0,-1.61407,-0.000150344,-0.00102093
33.9668,305,1,1.56238,-0.0112643,-0.00153834
34.0782,306,0,-1.61408,-4.09509e-05,-0.000982283
34.0782,306,1,1.56115,-0.0110927,-0.00154027
34.1895,307,0,-1.61407,6.41601e-05,-0.00094383
34.1895,307,1,1.55993,-0.0109209,-0.00154254
34.3009,308,0,-1.61405,0.000165012,-0.000905585
34.3009,308,1,1.55874,-0.0107489,-0.00154514
34.4123,309,0,-1.61402,0.00026163,-0.000867567
34.4123,309,1,1.55756,-0.0105765,-0.00154805
34.5236,310,0,-1.61398,0.000354041,-0.000829791
34.5236,310,1,1.5564,-0.0104037,-0.00155126
34.635,311,0,-1.61393,0.000442274,-0.000792275
34.635,311,1,1.55526,-0.0102305,-0.00155476
34.7464,312,0,-1.61387,0.00052636,-0.000755035
34.7464,312,1,1.55414,-0.010057,-0.00155852
34.8577,313,0,-1.61381,0.000606331,-0.000718089
34.8577,313,1,1.55304,-0.00988296,-0.00156254
34.9691,314,0,-1.61373,0.000682222,-0.000681452
34.9691,314,1,1.55196,-0.00970847,-0.0015668
35.0805,315,0,-1.61365,0.000754069,-0.000645142
35.0805,315,1,1.5509,-0.00953348,-0.00157129
35.1918,316,0,-1.61356,0.000821911,-0.000609175
35.1918,316,1,1.54985,-0.00935797,-0.00157599
35.3032,317,0,-1.61346,0.000885787,-0.000573568
35.3032,317,1,1.54883,-0.00918191,-0.00158088
35.4146,318,0,-1.61335,0.00094574,-0.000538338
35.4146,318,1,1.54783,-0.00900529,-0.00158596
35.5259,319,0,-1.61324,0.00100181,-0.000503501
35.5259,319,1,1.54685,-0.00882808,-0.00159121
35.6373,320,0,-1.61312,0.00105405,-0.000469073
35.6373,320,1,1.54588,-0.00865027,-0.00159662
35.7487,321,0,-1.613,0.0011025,-0.00043507
35.7487,321,1,1.54494,-0.00847185,-0.00160217
35.86,322,0,-1.61287,0.00114722,-0.00040151
35.86,322,1,1.54402,-0.00829279,-0.00160785
35.9714,323,0,-1.61274,0.00118825,-0.000368407
35.9714,323,1,1.54311,-0.00811308,-0.00161364
36.0828,324,0,-1.6126,0.00122564,-0.000335778
36.0828,324,1,1.54223,-0.00793272,-0.00161954
36.1941,325,0,-1.61246,0.00125946,-0.000303639
36.1941,325,1,1.54137,-0.00775169,-0.00162554
36.3055,326,0,-1.61232,0.00128975,-0.000272004
36.3055,326,1,1.54052,-0.00756998,-0.00163161
36.4169,327,0,-1.61217,0.00131658,-0.00024089
36.4169,327,1,1.5397,-0.00738759,-0.00163774
36.5282,328,0,-1.61202,0.00134,-0.000210311
36.5282,328,1,1.5389,-0.00720451,-0.00164393
36.6396,329,0,-1.61187,0.00136008,-0.000180283
36.6396,329,1,1.53812,-0.00702074,-0.00165016
36.751,330,0,-1.61172,0.00137687,-0.00015082
36.751,330,1,1.53735,-0.00683627,-0.00165642
36.8623,331,0,-1.61156,0.00139045,-0.000121937
36.8623,331,1,1.53661,-0.0066511,-0.0016627
36.9737,332,0,-1.61141,0.00140088,-9.36486e-05
36.9737,332,1,1.53589,-0.00646523,-0.00166898
37.0851,333,0,-1.61125,0.00140823,-6.59682e-05
37.0851,333,1,1.53519,-0.00627866,-0.00167527
37.1964,334,0,-1.61109,0.00141256,-3.89099e-05
37.1964,334,1,1.53452,-0.0060914,-0.00168153
37.3078,335,0,-1.61094,0.00141395,-1.24874e-05
37.3078,335,1,1.53386,-0.00590343,-0.00168777
37.4192,336,0,-1.61078,0.00141247,1.32862e-05
37.4192,336,1,1.53322,-0.00571478,-0.00169398
37.5305,337,0,-1.61062,0.0014082,3.83977e-05
37.5305,337,1,1.53261,-0.00552544,-0.00170014
37.6419,338,0,-1.61047,0.0014012,6.28345e-05
37.6419,338,1,1.53201,-0.00533542,-0.00170624
37.7533,339,0,-1.61031,0.00139156,8.65841e-05
37.7533,339,1,1.53144,-0.00514473,-0.00171228
37.8646,340,0,-1.61016,0.00137935,0.000109634
37.8646,340,1,1.53089,-0.00495338,-0.00171824
37.976,341,0,-1.61001,0.00136465,0.000131974
37.976,341,1,1.53036,-0.00476137,-0.00172412
38.0874,342,0,-1.60986,0.00134754,0.00015359
38.0874,342,1,1.52985,-0.00456872,-0.0017299
38.1987,343,0,-1.60971,0.00132811,0.000174473
38.1987,343,1,1.52936,-0.00437543,-0.00173559
38.3101,344,0,-1.60956,0.00130644,0.000194612
38.3101,344,1,1.5289,-0.00418152,-0.00174116
38.4215,345,0,-1.60942,0.00128261,0.000213995
38.4215,345,1,1.52845,-0.00398701,-0.00174662
38.5328,346,0,-1.60928,0.0012567,0.000232613
38.5328,346,1,1.52803,-0.0037919,-0.00175195
38.6442,347,0,-1.60914,0.00122881,0.000250457
38.6442,347,1,1.52763,-0.00359622,-0.00175714
38.7556,348,0,-1.60901,0.00119902,0.000267516
38.7556,348,1,1.52725,-0.00339996,-0.0017622
38.8669,349,0,-1.60888,0.00116741,0.000283782
38.8669,349,1,1.52689,-0.00320317,-0.00176712
38.9783,350,0,-1.60875,0.00113409,0.000299247
38.9783,350,1,1.52656,-0.00300584,-0.00177188
39.0897,351,0,-1.60863,0.00109913,0.000313901
39.0897,351,1,1.52625,-0.002808,-0.00177648
39.201,352,0,-1.60851,0.00106263,0.000327738
39.201,352,1,1.52596,-0.00260967,-0.00178091
39.3124,353,0,-1.6084,0.00102468,0.000340749
39.3124,353,1,1.52569,-0.00241086,-0.00178518
39.4238,354,0,-1.60829,0.000985378,0.000352929
39.4238,354,1,1.52544,-0.00221159,-0.00178927
39.5351,355,0,-1.60818,0.00094481,0.000364269
39.5351,355,1,1.52522,-0.00201189,-0.00179318
39.6465,356,0,-1.60808,0.000903074,0.000374765
39.6465,356,1,1.52501,-0.00181178,-0.0017969
39.7579,357,0,-1.60799,0.000860264,0.000384409
39.7579,357,1,1.52484,-0.00161127,-0.00180044
39.8692,358,0,-1.6079,0.000816475,0.000393198
39.8692,358,1,1.52468,-0.00141039,-0.00180379
39.9806,359,0,-1.60781,0.000771803,0.000401125
39.9806,359,1,1.52454,-0.00120915,-0.00180693
40.092,360,0,-1.60773,0.000726344,0.000408187
40.092,360,1,1.52443,-0.00100759,-0.00180988
40.2033,361,0,-1.60765,0.000680196,0.00041438
40.2033,361,1,1.52434,-0.000805727,-0.00181263
40.3147,362,0,-1.60758,0.000633456,0.000419699
40.3147,362,1,1.52427,-0.000603578,-0.00181517
40.4261,363,0,-1.60752,0.000586221,0.000424142
40.4261,363,1,1.52423,-0.000401168,-0.00181751
40.5374,364,0,-1.60746,0.000538588,0.000427706
40.5374,364,1,1.52421,-0.000198521,-0.00181964
40.6488,365,0,-1.6074,0.000490658,0.000430388
40.6488,365,1,1.52421,4.33875e-06,-0.00182155
40.7602,366,0,-1.60735,0.000442526,0.000432187
40.7602,366,1,1.52423,0.000207389,-0.00182326
40.8715,367,0,-1.60731,0.000394293,0.000433102
40.8715,367,1,1.52428,0.000410606,-0.00182475
40.9829,368,0,-1.60727,0.000346057,0.000433131
40.9829,368,1,1.52435,0.000613965,-0.00182604
41.0943,369,0,-1.60724,0.000297916,0.000432274
41.0943,369,1,1.52444,0.000817444,-0.00182711
41.2056,370,0,-1.60721,0.000249969,0.000430531
41.2056,370,1,1.52455,0.00102102,-0.00182797
41.317,371,0,-1.60719,0.000202316,0.000427902
41.317,371,1,1.52469,0.00122467,-0.00182862
41.4284,372,0,-1.60717,0.000155053,0.000424388
41.4284,372,1,1.52485,0.00142836,-0.00182905
41.5397,373,0,-1.60716,0.00010828,0.00041999
41.5397,373,1,1.52503,0.00163208,-0.00182928
41.6511,374,0,-1.60715,6.20952e-05,0.00041471
41.6511,374,1,1.52523,0.0018358,-0.0018293
41.7625,375,0,-1.60715,1.65963e-05,0.000408551
41.7625,375,1,1.52546,0.00203951,-0.00182912
41.8738,376,0,-1.60715,-2.8119e-05,0.000401515
41.8738,376,1,1.52571,0.00224317,-0.00182873
41.9852,377,0,-1.60716,-7.19533e-05,0.000393604
41.9852,377,1,1.52598,0.00244676,-0.00182815
42.0966,378,0,-1.60717,-0.00011481,0.000384823
42.0966,378,1,1.52628,0.00265027,-0.00182737
42.2079,379,0,-1.60719,-0.000156592,0.000375175
42.2079,379,1,1.52659,0.00285367,-0.00182639
42.3193,380,0,-1.60721,-0.000197203,0.000364664
42.3193,380,1,1.52693,0.00305694,-0.00182522
42.4307,381,0,-1.60724,-0.000236548,0.000353296
42.4307,381,1,1.5273,0.00326006,-0.00182387
42.542,382,0,-1.60727,-0.000274533,0.000341076
42.542,382,1,1.52768,0.003463,-0.00182234
42.6534,383,0,-1.6073,-0.000311062,0.000328009
42.6534,383,1,1.52809,0.00366576,-0.00182063
42.7648,384,0,-1.60734,-0.000346042,0.000314101
42.7648,384,1,1.52852,0.00386831,-0.00181875
42.8761,385,0,-1.60738,-0.000379381,0.000299359
42.8761,385,1,1.52898,0.00407063,-0.00181671
42.9875,386,0,-1.60743,-0.000410986,0.000283789
42.9875,386,1,1.52945,0.0042727,-0.0018145
43.0989,387,0,-1.60748,-0.000440765,0.0002674
43.0989,387,1,1.52995,0.00447452,-0.00181214
43.2102,388,0,-1.60753,-0.000468629,0.000250198
43.2102,388,1,1.53047,0.00467605,-0.00180963
43.3216,389,0,-1.60759,-0.000494487,0.000232191
43.3216,389,1,1.53101,0.00487729,-0.00180699
43.433,390,0,-1.60764,-0.000518251,0.000213389
43.433,390,1,1.53158,0.00507822,-0.0018042
43.5443,391,0,-1.6077,-0.000539834,0.000193799
43.5443,391,1,1.53217,0.00527882,-0.0018013
43.6557,392,0,-1.60777,-0.000559149,0.000173432
43.6557,392,1,1.53278,0.00547909,-0.00179827
43.7671,393,0,-1.60783,-0.000576109,0.000152296
43.7671,393,1,1.53341,0.005679,-0.00179513
43.8784,394,0,-1.6079,-0.000590632,0.000130401
43.8784,394,1,1.53406,0.00587856,-0.00179189
43.9898,395,0,-1.60796,-0.000602632,0.000107759
43.9898,395,1,1.53474,0.00607775,-0.00178856
44.1012,396,0,-1.60803,-0.000612029,8.43786e-05
44.1012,396,1,1.53544,0.00627655,-0.00178514
44.2125,397,0,-1.6081,-0.000618741,6.02718e-05
44.2125,397,1,1.53616,0.00647497,-0.00178164
44.3239,398,0,-1.60817,-0.000622689,3.54497e-05
44.3239,398,1,1.5369,0.00667299,-0.00177808
44.4353,399,0,-1.60824,-0.000623795,9.9238e-06
44.4353,399,1,1.53767,0.0068706,-0.00177446
44.5466,400,0,-1.60831,-0.00062198,-1.62939e-05
44.5466,400,1,1.53846,0.00706781,-0.0017708
44.658,401,0,-1.60838,-0.00061717,-4.31912e-05
44.658,401,1,1.53927,0.0072646,-0.0017671
44.7694,402,0,-1.60845,-0.00060929,-7.07557e-05
44.7694,402,1,1.5401,0.00746098,-0.00176337
44.8807,403,0,-1.60851,-0.000598268,-9.89744e-05
44.8807,403,1,1.54095,0.00765695,-0.00175962
44.9921,404,0,-1.60858,-0.000584031,-0.000127834
44.9921,404,1,1.54182,0.00785249,-0.00175588
45.1035,405,0,-1.60864,-0.000566511,-0.000157322
45.1035,405,1,1.54272,0.00804762,-0.00175214
45.2148,406,0,-1.6087,-0.000545638,-0.000187424
45.2148,406,1,1.54364,0.00824234,-0.00174841
45.3262,407,0,-1.60876,-0.000521346,-0.000218127
45.3262,407,1,1.54458,0.00843664,-0.00174472
45.4376,408,0,-1.60881,-0.000493569,-0.000249416
45.4376,408,1,1.54554,0.00863054,-0.00174107
45.5489,409,0,-1.60887,-0.000462244,-0.000281277
45.5489,409,1,1.54652,0.00882404,-0.00173748
45.6603,410,0,-1.60891,-0.000427309,-0.000313696
45.6603,410,1,1.54753,0.00901714,-0.00173395
45.7717,411,0,-1.60896,-0.000388703,-0.000346657
45.7717,411,1,1.54855,0.00920986,-0.0017305
45.883,412,0,-1.609,-0.000346367,-0.000380147
45.883,412,1,1.5496,0.00940221,-0.00172714
45.9944,413,0,-1.60903,-0.000300245,-0.000414149
45.9944,413,1,1.55067,0.00959419,-0.00172389
46.1058,414,0,-1.60906,-0.000250281,-0.000448649
46.1058,414,1,1.55176,0.00978582,-0.00172076
46.2171,415,0,-1.60908,-0.00019642,-0.000483631
46.2171,415,1,1.55287,0.00997713,-0.00171776
46.3285,416,0,-1.60909,-0.000138612,-0.00051908
46.3285,416,1,1.554,0.0101681,-0.00171491
46.4399,417,0,-1.6091,-7.68058e-05,-0.00055498
46.4399,417,1,1.55515,0.0103588,-0.00171222
46.5512,418,0,-1.6091,-1.09531e-05,-0.000591315
46.5512,418,1,1.55633,0.0105492,-0.00170969
46.6626,419,0,-1.6091,5.89927e-05,-0.000628068
46.6626,419,1,1.55752,0.0107393,-0.00170736
46.774,420,0,-1.60908,0.000133077,-0.000665225
46.774,420,1,1.55874,0.0109292,-0.00170523
46.8853,421,0,-1.60906,0.000211342,-0.000702769
46.8853,421,1,1.55998,0.0111189,-0.00170332
46.9967,422,0,-1.60903,0.000293829,-0.000740684
46.9967,422,1,1.56124,0.0113084,-0.00170163
47.1081,423,0,-1.60898,0.000380578,-0.000778953
47.1081,423,1,1.56252,0.0114978,-0.0017002
47.2194,424,0,-1.60893,0.000471627,-0.000817561
47.2194,424,1,1.56382,0.011687,-0.00169902
47.3308,425,0,-1.60887,0.000567012,-0.00085649
47.3308,425,1,1.56514,0.0118761,-0.00169812
47.4422,426,0,-1.60879,0.000666765,-0.000895725
47.4422,426,1,1.56649,0.0120652,-0.00169751
47.5535,427,0,-1.60871,0.000770921,-0.000935248
47.5535,427,1,1.56785,0.0122542,-0.00169721
47.6649,428,0,-1.60861,0.000879508,-0.000975045
47.6649,428,1,1.56924,0.0124432,-0.00169722
47.7763,429,0,-1.6085,0.000992556,-0.0010151
47.7763,429,1,1.57065,0.0126322,-0.00169758
47.8876,430,0,-1.60838,0.00111009,-0.00105539
47.8876,430,1,1.57207,0.0128214,-0.00169828
47.999,431,0,-1.60823,0.00127485,-0.0014794
47.999,431,1,1.57345,0.01237,0.00405307
48.1104,432,0,-1.60807,0.00144387,-0.00151774
48.1104,432,1,1.57478,0.0119188,0.00405132
48.2217,433,0,-1.60789,0.00161692,-0.00155388
48.2217,433,1,1.57606,0.0114679,0.00404889
48.3331,434,0,-1.60769,0.00179375,-0.00158781
48.3331,434,1,1.57728,0.0110173,0.00404576
48.4445,435,0,-1.60747,0.00197411,-0.00161952
48.4445,435,1,1.57846,0.0105672,0.00404191
48.5558,436,0,-1.60723,0.00215775,-0.001649
48.5558,436,1,1.57959,0.0101176,0.00403734
48.6672,437,0,-1.60697,0.00234443,-0.00167623
48.6672,437,1,1.58066,0.00966855,0.00403203
48.7786,438,0,-1.60669,0.00253389,-0.00170121
48.7786,438,1,1.58169,0.00922019,0.00402597
48.8899,439,0,-1.60639,0.00272588,-0.00172393
48.8899,439,1,1.58267,0.00877259,0.00401916
49.0013,440,0,-1.60606,0.00292014,-0.00174438
49.0013,440,1,1.58359,0.00832583,0.00401158
49.1127,441,0,-1.60571,0.00311643,-0.00176256
49.1127,441,1,1.58447,0.00788001,0.00400323
49.224,442,0,-1.60534,0.00331449,-0.00177846
49.224,442,1,1.5853,0.0074352,0.0039941
49.3354,443,0,-1.60495,0.00351407,-0.00179208
49.3354,443,1,1.58608,0.00699149,0.00398418
49.4468,444,0,-1.60454,0.00371491,-0.00180341
49.4468,444,1,1.58681,0.00654898,0.00397347
49.5581,445,0,-1.6041,0.00391676,-0.00181247
49.5581,445,1,1.58749,0.00610775,0.00396197
49.6695,446,0,-1.60364,0.00411936,-0.00181924
49.6695,446,1,1.58812,0.00566789,0.00394967
49.7809,447,0,-1.60316,0.00432246,-0.00182374
49.7809,447,1,1.5887,0.00522949,0.00393656
49.8922,448,0,-1.60266,0.00452581,-0.00182595
49.8922,448,1,1.58923,0.00479264,0.00392266
50.0036,449,0,-1.60213,0.00472916,-0.0018259
50.0036,449,1,1.58972,0.00435742,0.00390795
50.115,450,0,-1.60158,0.00493224,-0.00182357
50.115,450,1,1.59016,0.00392393,0.00389244
50.2263,451,0,-1.60101,0.00513482,-0.00181899
50.2263,451,1,1.59055,0.00349226,0.00387613
50.3377,452,0,-1.60042,0.00533663,-0.00181216
50.3377,452,1,1.59089,0.0030625,0.00385902
50.4491,453,0,-1.5998,0.00553743,-0.00180308
50.4491,453,1,1.59118,0.00263473,0.00384111
50.5604,454,0,-1.59916,0.00573698,-0.00179178
50.5604,454,1,1.59143,0.00220904,0.00382241
50.6718,455,0,-1.5985,0.00593502,-0.00177825
50.6718,455,1,1.59163,0.00178552,0.00380293
50.7832,456,0,-1.59782,0.0061313,-0.00176252
50.7832,456,1,1.59178,0.00136426,0.00378266
50.8945,457,0,-1.59711,0.00632559,-0.00174459
50.8945,457,1,1.59188,0.00094534,0.00376162
51.0059,458,0,-1.59639,0.00651764,-0.00172449
51.0059,458,1,1.59194,0.00052885,0.00373981
51.1173,459,0,-1.59564,0.00670721,-0.00170223
51.1173,459,1,1.59195,0.000114874,0.00371724
51.2286,460,0,-1.59487,0.00689407,-0.00167783
51.2286,460,1,1.59192,-0.000296506,0.00369392
51.34,461,0,-1.59408,0.00707797,-0.00165131
51.34,461,1,1.59184,-0.000705206,0.00366987
51.4514,462,0,-1.59328,0.00725868,-0.00162268
51.4514,462,1,1.59172,-0.00111115,0.00364508
51.5627,463,0,-1.59245,0.00743597,-0.00159197
51.5627,463,1,1.59155,-0.00151425,0.00361958
51.6741,464,0,-1.5916,0.00760962,-0.00155921
51.6741,464,1,1.59134,-0.00191443,0.00359337
51.7855,465,0,-1.59073,0.00777939,-0.00152441
51.7855,465,1,1.59108,-0.00231161,0.00356647
51.8968,466,0,-1.58985,0.00794505,-0.0014876
51.8968,466,1,1.59078,-0.00270573,0.00353889
52.0082,467,0,-1.58895,0.0081064,-0.0014488
52.0082,467,1,1.59043,-0.0030967,0.00351065
52.1196,468,0,-1.58803,0.00826321,-0.00140805
52.1196,468,1,1.59005,-0.00348445,0.00348177
52.2309,469,0,-1.58709,0.00841527,-0.00136537
52.2309,469,1,1.58961,-0.00386891,0.00345225
52.3423,470,0,-1.58614,0.00856236,-0.00132079
52.3423,470,1,1.58914,-0.00425002,0.00342212
52.4536,471,0,-1.58517,0.00870428,-0.00127433
52.4536,471,1,1.58863,-0.00462771,0.0033914
52.565,472,0,-1.58418,0.00884082,-0.00122604
52.565,472,1,1.58807,-0.00500192,0.0033601
52.6764,473,0,-1.58318,0.00897178,-0.00117594
52.6764,473,1,1.58747,-0.00537257,0.00332825
52.7877,474,0,-1.58217,0.00909696,-0.00112407
52.7877,474,1,1.58683,-0.00573962,0.00329585
52.8991,475,0,-1.58114,0.00921618,-0.00107046
52.8991,475,1,1.58615,-0.006103,0.00326295
53.0105,476,0,-1.5801,0.00932923,-0.00101514
53.0105,476,1,1.58543,-0.00646267,0.00322954
53.1218,477,0,-1.57905,0.00943593,-0.000958151
53.1218,477,1,1.58467,-0.00681856,0.00319567
53.2332,478,0,-1.57799,0.00953611,-0.00089953
53.2332,478,1,1.58387,-0.00717063,0.00316135
53.3446,479,0,-1.57692,0.00962958,-0.000839313
53.3446,479,1,1.58304,-0.00751882,0.0031266
53.4559,480,0,-1.57584,0.00971617,-0.000777538
53.4559,480,1,1.58216,-0.00786311,0.00309145
53.5673,481,0,-1.57475,0.00979572,-0.000714245
53.5673,481,1,1.58125,-0.00820344,0.00305593
53.6787,482,0,-1.57365,0.00986805,-0.000649474
53.6787,482,1,1.5803,-0.00853977,0.00302005
53.79,483,0,-1.57254,0.009933,-0.000583264
53.79,483,1,1.57931,-0.00887207,0.00298385
53.9014,484,0,-1.57143,0.00999043,-0.000515658
53.9014,484,1,1.57828,-0.00920031,0.00294735
54.0128,485,0,-1.57031,0.0100402,-0.000446698
54.0128,485,1,1.57722,-0.00952445,0.00291058
54.1241,486,0,-1.56919,0.0100821,-0.000376425
54.1241,486,1,1.57613,-0.00984447,0.00287357
54.2355,487,0,-1.56806,0.0101161,-0.000304883
54.2355,487,1,1.57499,-0.0101603,0.00283634
54.3469,488,0,-1.56693,0.0101419,-0.000232117
54.3469,488,1,1.57383,-0.010472,0.00279893
54.4582,489,0,-1.5658,0.0101595,-0.00015817
54.4582,489,1,1.57263,-0.0107796,0.00276135
54.5696,490,0,-1.56467,0.0101688,-8.3088e-05
54.5696,490,1,1.57139,-0.0110829,0.00272365
54.681,491,0,-1.56353,0.0101695,-6.916e-06
54.681,491,1,1.57013,-0.011382,0.00268585
54.7923,492,0,-1.56241,0.010119,0.000453795
54.7923,492,1,1.5689,-0.0110363,-0.00310445
54.9037,493,0,-1.56129,0.01006,0.000529621
54.9037,493,1,1.56771,-0.0106864,-0.00314206
55.0151,494,0,-1.56017,0.00999275,0.000604011
55.0151,494,1,1.56656,-0.0103323,-0.0031794
55.1264,495,0,-1.55907,0.00991737,0.000676919
55.1264,495,1,1.56545,-0.00997408,-0.00321642
55.2378,496,0,-1.55798,0.00983403,0.000748303
55.2378,496,1,1.56438,-0.00961179,-0.00325311
55.3492,497,0,-1.55689,0.00974292,0.000818117
55.3492,497,1,1.56335,-0.00924546,-0.00328942
55.4605,498,0,-1.55582,0.00964422,0.00088632
55.4605,498,1,1.56236,-0.00887513,-0.00332534
55.5719,499,0,-1.55475,0.0095381,0.000952869
55.5719,499,1,1.56141,-0.00850084,-0.00336083
